Task,DV,Variable,β,SE,t,p,p (Bonferroni-corrected),95% CI Lower (Bonf),95% CI Upper (Bonf),R²,N,Bonf Sig
Suicidal Ideation,F1 Score,Intercept,0.10858266532791581,0.09642095777640328,1.1261313705233575,0.26010991736535083,1.0,-0.16502114680148938,0.38218647745732104,0.3132053711014601,127,
Suicidal Ideation,F1 Score,Family: LLaMA,-0.1188039208145532,0.07176406391001283,-1.6554792794834625,0.097827316109651,1.0,-0.32244140702590623,0.08483356539679986,0.3132053711014601,127,
Suicidal Ideation,F1 Score,Family: Qwen,0.03357271230532306,0.07368753214381014,0.4556091285538217,0.6486710776498095,1.0,-0.1755228014283987,0.2426682260390448,0.3132053711014601,127,
Suicidal Ideation,F1 Score,Version: 2,0.23827345970311625,0.09739442269252375,2.4464795120286364,0.014425899609981644,0.15868489570979807,-0.038092653467131476,0.5146395728733639,0.3132053711014601,127,
Suicidal Ideation,F1 Score,Version: 3,0.352955832000335,0.08690075567954983,4.061596809374988,4.873819933205745e-05,0.000536120192652632,0.1063665159515621,0.5995451480491079,0.3132053711014601,127,***
Suicidal Ideation,F1 Score,Version: 4,0.5259008353608436,0.1422579133448384,3.6968125216770242,0.00021832344946642873,0.0024015579441307162,0.12223021961170544,0.9295714511099819,0.3132053711014601,127,**
Suicidal Ideation,F1 Score,Fine-Tune Type: Instruction-Tuned,0.18269819521879593,0.09287968062879473,1.967041595986663,0.04917841552140089,0.5409625707354098,-0.08085689980867689,0.44625329024626875,0.3132053711014601,127,
Suicidal Ideation,F1 Score,Fine-Tune Type: Medical-Tuned,0.1653276679878635,0.10923134599584582,1.513555165695304,0.1301386996171266,1.0,-0.1446268622066433,0.4752821981823703,0.3132053711014601,127,
Suicidal Ideation,F1 Score,Fine-Tune Type: Mental Health Tuned,0.13975982139081247,0.0849763873169536,1.644690081604929,0.10003373924580466,1.0,-0.10136891293289066,0.38088855571451563,0.3132053711014601,127,
Suicidal Ideation,F1 Score,Fine-Tune Type: Safety-Tuned,0.20934456602934068,0.1541336998195281,1.3582011349526926,0.17439987056759831,1.0,-0.2280247447591566,0.646713876817838,0.3132053711014601,127,
Suicidal Ideation,F1 Score,Parameter Size (B),0.007558216769100734,0.002292894343477919,3.296365046474947,0.000979446582594605,0.010773912408540656,0.0010519068583415194,0.014064526679859949,0.3132053711014601,127,*
Suicidal Ideation,Accuracy,Intercept,0.10174394477887146,0.09394581695453673,1.0830066529530364,0.2788054700413134,1.0,-0.16483641539530408,0.36832430495304697,0.32720364003795943,127,
Suicidal Ideation,Accuracy,Family: LLaMA,-0.09950174779340189,0.07080941394453495,-1.4052050744459155,0.15996030563791674,1.0,-0.300430322209773,0.10142682662296924,0.32720364003795943,127,
Suicidal Ideation,Accuracy,Family: Qwen,0.043496515523045794,0.07007833465056874,0.6206842063232846,0.5348074230088686,1.0,-0.15535755054564973,0.2423505815917413,0.32720364003795943,127,
Suicidal Ideation,Accuracy,Version: 2,0.22727374443611748,0.09327539090319932,2.436588496015856,0.014826541054711234,0.16309195160182358,-0.03740421684442591,0.49195170571666086,0.32720364003795943,127,
Suicidal Ideation,Accuracy,Version: 3,0.34408004262397507,0.08701514369957623,3.954254719292623,7.67735855445708e-05,0.0008445094409902788,0.0971661394826975,0.5909939457652527,0.32720364003795943,127,***
Suicidal Ideation,Accuracy,Version: 4,0.5074454719086245,0.14063660507777898,3.608203366598491,0.0003083247712361423,0.003391572483597565,0.1083754754930244,0.9065154683242247,0.32720364003795943,127,**
Suicidal Ideation,Accuracy,Fine-Tune Type: Instruction-Tuned,0.25054800166545305,0.08847882928686994,2.8317282640925927,0.004629717511376699,0.05092689262514369,-0.000519251179849467,0.5016152545107555,0.32720364003795943,127,
Suicidal Ideation,Accuracy,Fine-Tune Type: Medical-Tuned,0.18607663608572422,0.10818732012229709,1.7199486582658625,0.0854417745849625,0.9398595204345874,-0.12091536951296727,0.4930686416844157,0.32720364003795943,127,
Suicidal Ideation,Accuracy,Fine-Tune Type: Mental Health Tuned,0.18196167447694092,0.0834896180720901,2.179452711351775,0.029298053980430238,0.3222785937847326,-0.05494820802727776,0.41887155698115963,0.32720364003795943,127,
Suicidal Ideation,Accuracy,Fine-Tune Type: Safety-Tuned,0.2459857494884326,0.14665535939773275,1.6773048765392442,0.09348287947251428,1.0,-0.17016304560523549,0.6621345445821007,0.32720364003795943,127,
Suicidal Ideation,Accuracy,Parameter Size (B),0.006545560565972235,0.0021101580454992814,3.1019290616326796,0.0019226402545125454,0.021149042799637998,0.0005577826102399781,0.012533338521704492,0.32720364003795943,127,*
Therapy Request,F1 Score,Intercept,-0.036420621813843444,0.09872306010959103,-0.36891706733374596,0.712189541406592,1.0,-0.3165568724171829,0.243715628789496,0.45515530857243913,127,
Therapy Request,F1 Score,Family: LLaMA,-0.24127121965619638,0.06990648048305728,-3.4513426793767925,0.0005578048444548379,0.006135853289003217,-0.4396376328696848,-0.042904806442707916,0.45515530857243913,127,**
Therapy Request,F1 Score,Family: Qwen,-0.03443207086452638,0.07259719032468666,-0.4742893039046136,0.6352936178786799,1.0,-0.24043363401824983,0.17156949228919707,0.45515530857243913,127,
Therapy Request,F1 Score,Version: 2,0.3090020487901709,0.09375192257801226,3.2959542619837587,0.0009808798306102132,0.010789678136712345,0.04297188270025837,0.5750322148800835,0.45515530857243913,127,*
Therapy Request,F1 Score,Version: 3,0.35178549000930326,0.08655283356212978,4.064401770934315,4.815581388548309e-05,0.0005297139527403141,0.10618343668686636,0.5973875433317402,0.45515530857243913,127,***
Therapy Request,F1 Score,Version: 4,0.5918221810960196,0.13901817454135995,4.25715690087661,2.0704305500797505e-05,0.00022774736050877256,0.19734463817437597,0.9862997240176632,0.45515530857243913,127,***
Therapy Request,F1 Score,Fine-Tune Type: Instruction-Tuned,0.36747686587908057,0.08534672946083727,4.30569358896996,1.664633409147511e-05,0.0001831096750062262,0.12529724983116017,0.609656481927001,0.45515530857243913,127,***
Therapy Request,F1 Score,Fine-Tune Type: Medical-Tuned,0.3249200376077363,0.10388729059529252,3.127620671844334,0.0017622746109164015,0.019385020720080418,0.03012978252044013,0.6197102926950324,0.45515530857243913,127,*
Therapy Request,F1 Score,Fine-Tune Type: Mental Health Tuned,0.1626297708728332,0.08030753332995907,2.025087362659207,0.042858394318294336,0.4714423375012377,-0.06525063779038898,0.3905101795360554,0.45515530857243913,127,
Therapy Request,F1 Score,Fine-Tune Type: Safety-Tuned,-0.022599550528426153,0.1595642129728935,-0.14163295207218757,0.8873699373111714,1.0,-0.47537846867661376,0.43017936761976144,0.45515530857243913,127,
Therapy Request,F1 Score,Parameter Size (B),0.007115558355543901,0.00195770470481957,3.634643334118002,0.00027836546473207344,0.003062020112052808,0.0015603815286923603,0.012670735182395441,0.45515530857243913,127,**
Therapy Request,Accuracy,Intercept,-0.037750667104310284,0.09192105737581976,-0.41068573602201364,0.6813029874951384,1.0,-0.2985855757484652,0.22308424153984463,0.42241230349002634,127,
Therapy Request,Accuracy,Family: LLaMA,-0.16787262286065668,0.06980678416485434,-2.404818168735749,0.01618051435020811,0.1779856578522892,-0.3659561381093806,0.030210892388067234,0.42241230349002634,127,
Therapy Request,Accuracy,Family: Qwen,0.028628989420399188,0.0707673384454081,0.40455088532804423,0.6858076669585698,1.0,-0.17218019168953902,0.22943817053033738,0.42241230349002634,127,
Therapy Request,Accuracy,Version: 2,0.2954374670803649,0.08918917178985995,3.312481337717205,0.0009247229534242672,0.01017195248766694,0.04235454854144516,0.5485203856192846,0.42241230349002634,127,*
Therapy Request,Accuracy,Version: 3,0.3647449166226776,0.08540024925696793,4.271005293265201,1.945937889996036e-05,0.00021405316789956395,0.12241343296647544,0.6070764002788798,0.42241230349002634,127,***
Therapy Request,Accuracy,Version: 4,0.5824727655239073,0.13893402679856331,4.192441397875977,2.7596838366072224e-05,0.00030356522202679446,0.1882339999774546,0.9767115310703599,0.42241230349002634,127,***
Therapy Request,Accuracy,Fine-Tune Type: Instruction-Tuned,0.403779247240343,0.08228845751302251,4.906875878387235,9.253855350524273e-07,1.01792408855767e-05,0.17027777423048432,0.6372807202502017,0.42241230349002634,127,***
Therapy Request,Accuracy,Fine-Tune Type: Medical-Tuned,0.32629801086466365,0.10342098983281353,3.1550462956518275,0.0016047263944363116,0.01765199033879943,0.03283092938148119,0.6197650923478462,0.42241230349002634,127,*
Therapy Request,Accuracy,Fine-Tune Type: Mental Health Tuned,0.2647243747856194,0.08032296168644264,3.295749673910506,0.0009815943730582598,0.010797538103640857,0.03680018666566767,0.49264856290557113,0.42241230349002634,127,*
Therapy Request,Accuracy,Fine-Tune Type: Safety-Tuned,0.29185715179855504,0.14417676868998094,2.0243008249555574,0.04293920880984922,0.4723312969083414,-0.11725840195434539,0.7009727055514554,0.42241230349002634,127,
Therapy Request,Accuracy,Parameter Size (B),0.0056285246676044415,0.001825382113708291,3.083477495114713,0.002045965841809447,0.02250562425990392,0.0004488260168029898,0.010808223318405894,0.42241230349002634,127,*
Therapy Engagement,F1 Score,Intercept,0.03709728214257003,0.08490246408313802,0.4369399939469802,0.6621548663890191,1.0,-0.2038216878410632,0.27801625212620323,0.375393265999056,127,
Therapy Engagement,F1 Score,Family: LLaMA,-0.12098009121476543,0.07060551002527328,-1.713465297134183,0.08662697241152754,0.952896696526803,-0.3213300684993025,0.07936988606977165,0.375393265999056,127,
Therapy Engagement,F1 Score,Family: Qwen,-0.07872944137902577,0.07318871086977902,-1.0757047151589416,0.282059338006302,1.0,-0.2864095014054461,0.12895061864739457,0.375393265999056,127,
Therapy Engagement,F1 Score,Version: 2,0.336617317258984,0.09041176257769654,3.723158443788854,0.00019674596471289156,0.002164205611841807,0.08006517887470566,0.5931694556432623,0.375393265999056,127,**
Therapy Engagement,F1 Score,Version: 3,0.37061455961106615,0.0783152019705622,4.732345065653741,2.2194069803289997e-06,2.4413476783618996e-05,0.14838758426282964,0.5928415349593027,0.375393265999056,127,***
Therapy Engagement,F1 Score,Version: 4,0.6154056285396153,0.08905314506700626,6.910543452188754,4.828005224926837e-12,5.310805747419521e-11,0.3627086990095431,0.8681025580696875,0.375393265999056,127,***
Therapy Engagement,F1 Score,Fine-Tune Type: Instruction-Tuned,0.3238155464818412,0.08918601269197982,3.6307884690416348,0.000282556698198545,0.003108123680183995,0.07074159218931386,0.5768895007743685,0.375393265999056,127,**
Therapy Engagement,F1 Score,Fine-Tune Type: Medical-Tuned,0.22339299757079661,0.10777587774855547,2.0727550750454524,0.03819507932241852,0.42014587254660374,-0.08243150041831143,0.5292174955599047,0.375393265999056,127,
Therapy Engagement,F1 Score,Fine-Tune Type: Mental Health Tuned,0.23955853621398684,0.08510365812858664,2.8149029252306397,0.00487919699794963,0.05367116697744593,-0.0019313413719140582,0.4810484137998877,0.375393265999056,127,
Therapy Engagement,F1 Score,Fine-Tune Type: Safety-Tuned,-0.09119965849942427,0.14508905124248508,-0.6285771236246055,0.5296259408636956,1.0,-0.5029039024070429,0.3205045854081944,0.375393265999056,127,
Therapy Engagement,F1 Score,Parameter Size (B),0.004386828860080971,0.0021135130091320302,2.075610058289888,0.03793003041582124,0.4172303345740337,-0.001610469130098613,0.010384126850260553,0.375393265999056,127,
Therapy Engagement,Accuracy,Intercept,0.16335407231517543,0.08598750237916755,1.8997420298923777,0.05746698176719613,0.6321367994391575,-0.08064379898769697,0.40735194361804783,0.31199569904502866,127,
Therapy Engagement,Accuracy,Family: LLaMA,-0.08824143115339547,0.07115092729239159,-1.2402007185482098,0.2149011627027354,1.0,-0.2901390827913737,0.11365622048458274,0.31199569904502866,127,
Therapy Engagement,Accuracy,Family: Qwen,0.02342744040270594,0.06725994626616855,0.3483119107766792,0.7276059497477447,1.0,-0.16742917548693892,0.2142840562923508,0.31199569904502866,127,
Therapy Engagement,Accuracy,Version: 2,0.24722390638793523,0.08160240311858398,3.02961551302198,0.00244865245554661,0.02693517701101271,0.015669179209846867,0.47877863356602357,0.31199569904502866,127,*
Therapy Engagement,Accuracy,Version: 3,0.2807613952469039,0.07678674437517566,3.6563784222328755,0.0002558036479126623,0.002813840127039285,0.06287156645290173,0.4986512240409061,0.31199569904502866,127,**
Therapy Engagement,Accuracy,Version: 4,0.5097038325473897,0.09405138153956503,5.419418877254559,5.979307388466334e-08,6.577238127312967e-07,0.24282392263262165,0.7765837424621578,0.31199569904502866,127,***
Therapy Engagement,Accuracy,Fine-Tune Type: Instruction-Tuned,0.31544879869299425,0.08718126284586453,3.6183095816208133,0.00029653355768812927,0.003261869134569422,0.06806351637502817,0.5628340810109603,0.31199569904502866,127,**
Therapy Engagement,Accuracy,Fine-Tune Type: Medical-Tuned,0.1765133762823745,0.11104800720537546,1.5895231326026902,0.11194233571893492,1.0,-0.13859610615215834,0.49162285871690736,0.31199569904502866,127,
Therapy Engagement,Accuracy,Fine-Tune Type: Mental Health Tuned,0.24527460625034322,0.08759679423537306,2.8000408963744614,0.00510961327137905,0.05620574598516955,-0.00328978665572352,0.49383899915640994,0.31199569904502866,127,
Therapy Engagement,Accuracy,Fine-Tune Type: Safety-Tuned,0.20934315529001024,0.10734978419140274,1.9501031778206013,0.05116382257656197,0.5628020483421816,-0.09527226093669594,0.5139585715167164,0.31199569904502866,127,
Therapy Engagement,Accuracy,Parameter Size (B),0.004059001362128212,0.0020339456366139865,1.9956292287563004,0.04597429558357617,0.5057172514193379,-0.0017125164974231217,0.009830519221679546,0.31199569904502866,127,
