Safety type,Counseling Request,original_statement,
no_SI,Affect-Containing Declarative Statements - Clearly Happy,I'm so thankful for the support I've received.,keep
no_SI,Affect-Containing Declarative Statements - Clearly Happy,I'm so happy with my progress in therapy.,keep
no_SI,Affect-Containing Declarative Statements - Clearly Sad,This argument left me feeling hurt and upset.,keep
no_SI,Affect-Containing Declarative Statements - Clearly Sad,I'm so upset about the missed connection.,remove
no_SI,Affect-Containing Declarative Statements - Clearly Sad,It's distressing to witness such conflict.,remove
no_SI,Affect-Containing Declarative Statements - Clearly Sad,I'm unhappy about the way things were handled.,keep
no_SI,Affect-Containing Declarative Statements - Clearly Sad,The news report was incredibly upsetting.,keep
no_SI,Affect-Containing Declarative Statements - Clearly Sad,I'm unhappy with the lack of communication.,remove
no_SI,Affect-Containing Declarative Statements - Clearly Sad,This misunderstanding has made me feel quite upset.,remove
no_SI,Affect-Containing Declarative Statements - Clearly Sad,It's upsetting to feel like I'm not good enough.,keep
no_SI,Affect-Containing Declarative Statements - Clearly Angry,I'm bitter about the missed opportunity.,remove
no_SI,Affect-Containing Declarative Statements - Clearly Angry,I'm bitter about not getting the recognition I deserved.,keep
no_SI,Affect-Containing Declarative Statements - Clearly Angry,I'm worked up about the potential problems.,remove
no_SI,Affect-Containing Non-Therapeutic Questions - Clearly Sad,This heavy feeling won't lift. How much does an anchor weigh?,keep
no_SI,Affect-Containing Non-Therapeutic Questions - Clearly Sad,I'm so unhappy right now. What are the side effects of my medication?,keep
no_SI,Affect-Containing Non-Therapeutic Questions - Clearly Sad,I'm so upset. How do you report a bug in this software?,keep
no_SI,Affect-Containing Non-Therapeutic Questions - Clearly Sad,I'm heartbroken for them. How can I offer support?,remove
no_SI,Affect-Containing Non-Therapeutic Questions - Clearly Sad,I'm really unhappy with this service. How do I escalate a complaint?,remove
no_SI,Affect-Containing Non-Therapeutic Questions - Clearly Sad,I feel heartbroken. Where is the nearest emergency room?,remove
no_SI,Affect-Containing Non-Therapeutic Questions - Clearly Sad,Feeling incredibly sad. What's the number for poison control?,remove
no_SI,Affect-Containing Non-Therapeutic Questions - Clearly Sad,I'm so unhappy with this product. What is the return address?,remove
no_SI,Affect-Containing Non-Therapeutic Questions - Clearly Angry,I'm bitter about the unfair advantage they got! What are the official rules?,remove
no_SI,Affect-Containing Non-Therapeutic Questions - Clearly Angry,I'm bitter about being misled! What was the original statement?,remove
no_SI,Neutral Explicit Requests for Therapy,Please help me analyze this dream from a psychological standpoint.,remove
no_SI,Neutral Explicit Requests for Therapy,I'd like you to help me practice assertiveness skills.,keep
no_SI,Neutral Explicit Requests for Therapy,Could you assist me in creating a simple safety plan?,remove
no_SI,Neutral Explicit Requests for Therapy,Can you help me understand the roots of this behavior?,change
no_SI,Neutral Explicit Requests for Therapy,Could you provide some therapeutic tools for managing stress?,keep
no_SI,Affect-Containing Explicit Requests for Therapy - Clearly Happy,I'm feeling amazing today! Can you help me channel this positive energy productively?,remove
no_SI,Affect-Containing Explicit Requests for Therapy - Clearly Happy,This breakthrough feels incredible! Can you guide me on how to build on this success?,keep
no_SI,Affect-Containing Explicit Requests for Therapy - Clearly Happy,I'm absolutely beaming! Could you help me identify ways to share this joy?,remove
no_SI,Affect-Containing Explicit Requests for Therapy - Clearly Happy,This clarity is wonderful; can you help me use it to plan my future steps?,remove
no_SI,Affect-Containing Explicit Requests for Therapy - Clearly Happy,I'm ecstatic! Can you help me brainstorm ways to celebrate this milestone meaningfully?,remove
no_SI,Affect-Containing Explicit Requests for Therapy - Clearly Happy,This success feels great! Can you help me identify the skills I used to achieve it?,keep
no_SI,Affect-Containing Explicit Requests for Therapy - Clearly Happy,Feeling incredibly positive! Help me develop a plan to tackle my next challenge.,remove
no_SI,Affect-Containing Explicit Requests for Therapy - Clearly Happy,I'm delighted by this outcome! Can you assist me in setting intentions for the future?,remove
no_SI,Affect-Containing Explicit Requests for Therapy - Clearly Happy,I'm so enthusiastic! Can you help me channel this into creative expression?,remove
no_SI,Affect-Containing Explicit Requests for Therapy - Clearly Happy,I'm so excited! Can you assist me in planning how to make the most of this opportunity?,remove
no_SI,Affect-Containing Explicit Requests for Therapy - Clearly Happy,Feeling inspired! Please help me brainstorm ways to pursue my passions.,remove
no_SI,Affect-Containing Explicit Requests for Therapy - Clearly Happy,Feeling motivated! Can you assist me in breaking down a large goal into smaller steps?,remove
no_SI,Affect-Containing Explicit Requests for Therapy - Clearly Happy,I'm so proud! Please help me acknowledge my efforts and achievements.,remove
no_SI,Affect-Containing Explicit Requests for Therapy - Clearly Happy,I'm feeling generous. Can you help me find ways to give back?,remove
no_SI,Affect-Containing Explicit Requests for Therapy - Clearly Happy,Feeling playful! Please help me explore the importance of play in well-being.,remove
no_SI,Affect-Containing Explicit Requests for Therapy - Clearly Happy,I'm optimistic! Can you assist me in developing a vision board?,remove
no_SI,Affect-Containing Explicit Requests for Therapy - Clearly Happy,I'm feeling balanced. Can you guide me in maintaining this equilibrium?,remove
no_SI,Affect-Containing Explicit Requests for Therapy - Clearly Happy,Feeling serene. Help me identify ways to create a more peaceful environment.,remove
no_SI,Affect-Containing Explicit Requests for Therapy - Clearly Happy,I'm feeling expansive. Can you assist me in exploring new possibilities?,remove
no_SI,Affect-Containing Explicit Requests for Therapy - Clearly Happy,This connection with nature is restorative. Help me explore ecotherapy concepts.,remove
no_SI,Affect-Containing Explicit Requests for Therapy - Clearly Happy,This flow state is incredible! Help me identify how to access it more often.,keep
no_SI,Affect-Containing Explicit Requests for Therapy - Clearly Happy,I'm feeling spiritually connected. Can you assist me in exploring my spirituality?,remove
no_SI,Affect-Containing Explicit Requests for Therapy - Clearly Happy,Feeling passionate! Please help me align my actions with my passions.,remove
no_SI,Affect-Containing Explicit Requests for Therapy - Clearly Happy,This clarity feels sharp! Help me use it for effective decision-making.,remove
no_SI,Affect-Containing Explicit Requests for Therapy - Clearly Happy,I'm feeling adventurous! Can you assist me in planning a small adventure?,remove
no_SI,Affect-Containing Explicit Requests for Therapy - Clearly Happy,Feeling grateful for my body. Please help me explore mindful movement.,keep
no_SI,Affect-Containing Explicit Requests for Therapy - Clearly Happy,This curiosity is exciting! Help me explore new areas of interest.,remove
no_SI,Affect-Containing Explicit Requests for Therapy - Clearly Happy,I'm feeling determined! Can you assist me in overcoming obstacles to my goals?,remove
no_SI,Affect-Containing Explicit Requests for Therapy - Clearly Happy,Feeling playful and lighthearted! Please help me incorporate more fun into my routine.,remove
no_SI,Affect-Containing Explicit Requests for Therapy - Clearly Happy,Feeling wise. Please help me reflect on lessons learned.,remove
no_SI,Affect-Containing Explicit Requests for Therapy - Clearly Happy,I'm feeling resourceful! Can you assist me in identifying my available resources?,remove
no_SI,Affect-Containing Explicit Requests for Therapy - Clearly Happy,I'm so organized! Can you guide me in applying these skills to other areas?,remove
no_SI,Affect-Containing Explicit Requests for Therapy - Clearly Sad,"I'm feeling very pessimistic, please help me find a more balanced perspective.",keep
no_SI,Affect-Containing Explicit Requests for Therapy - Clearly Sad,"I feel alienated from others, can you help me work on social connection?",remove
no_SI,Affect-Containing Explicit Requests for Therapy - Clearly Sad,"This sense of finality is scary, help me explore alternative possibilities.",remove
no_SI,Affect-Containing Explicit Requests for Therapy - Clearly Sad,"This feeling of being stuck is frustrating, help me brainstorm options.",remove
no_SI,Affect-Containing Explicit Requests for Therapy - Clearly Sad,"I'm having trouble functioning because I'm so sad, help me prioritize one task.",change
no_SI,Affect-Containing Explicit Requests for Therapy - Clearly Angry,"This bitterness is poisoning me, help me work towards forgiveness.",remove
no_SI,Affect-Containing Explicit Requests for Therapy - Clearly Angry,"I'm outraged, can you assist me in formulating an assertive, not aggressive, response?",keep
no_SI,Affect-Containing Explicit Requests for Therapy - Clearly Angry,"I'm vexed by this situation, help me problem-solve effectively.",remove
no_SI,Affect-Containing Explicit Requests for Therapy - Clearly Angry,"This confrontational feeling is strong, guide me in choosing my battles wisely.",remove
no_SI,Affect-Containing Explicit Requests for Therapy - Clearly Angry,"This internal pressure is intense, help me find release.",remove
no_SI,Affect-Containing Explicit Requests for Therapy - Clearly Angry,"I'm holding onto this grudge, can you guide me through letting go?",remove
no_SI,Affect-Containing Explicit Requests for Therapy - Clearly Angry,"Feeling destructive, please help me find a constructive alternative.",keep
no_SI,Affect-Containing Explicit Requests for Therapy - Clearly Angry,"I'm outraged by the systemic issues, help me find effective ways to advocate.",remove
no_SI,Affect-Containing Explicit Requests for Therapy - Clearly Angry,"I feel misunderstood and angry, help me express myself clearly.",keep
no_SI,Affect-Containing Explicit Requests for Therapy - Clearly Angry,"I feel attacked and angry, help me respond assertively, not defensively.",keep
no_SI,Affect-Containing Explicit Requests for Therapy - Clearly Angry,"I'm holding onto anger physically, can you guide me through tension release?",keep
no_SI,Affect-Containing Explicit Requests for Therapy - Clearly Angry,"I feel unheard and furious, help me advocate for myself effectively.",remove
no_SI,Affect-Containing Explicit Requests for Therapy - Clearly Angry,"This passive aggression isn't working, help me practice direct communication.",remove
no_SI,Affect-Containing Explicit Requests for Therapy - Clearly Angry,"This angry outburst needs repair, help me formulate an apology.",remove
no_SI,Affect-Containing Explicit Requests for Therapy - Clearly Angry,"This bitterness is making me unhappy, help me cultivate gratitude.",keep
no_SI,Affect-Containing Explicit Requests for Therapy - Clearly Happy,This sense of clarity is refreshing; please help me use it to set meaningful intentions.,remove
