task,model_family,model_size,parse_success_rate,sensitivity,specificity,accuracy,f1_score
suicidal_ideation,gemma,12b-it,0.9977777777777778,0.9422222222222222,0.9555555555555556,0.9488888888888888,0.9485458612975392
therapy_engagement,gemma,12b-it,1.0,0.8428571428571429,1.0,0.9476190476190476,0.9147286821705426
therapy_request,gemma,12b-it,1.0,0.9615384615384616,0.9980769230769232,0.985897435897436,0.9784735812133072
suicidal_ideation,gemma,12b-pt,0.9555555555555556,0.9511111111111112,0.7955555555555556,0.8733333333333333,0.8824742268041237
therapy_engagement,gemma,12b-pt,1.0,0.9642857142857144,0.9535714285714286,0.9571428571428572,0.9375
therapy_request,gemma,12b-pt,0.867948717948718,0.6346153846153846,0.9076923076923076,0.8166666666666667,0.6976744186046512
suicidal_ideation,gemma,1b-it,0.9955555555555556,0.4755555555555555,0.9911111111111112,0.7333333333333333,0.6407185628742514
therapy_engagement,gemma,1b-it,1.0,1.0,0.2857142857142857,0.5238095238095238,0.5833333333333334
therapy_request,gemma,1b-it,0.9974358974358974,0.8269230769230769,0.4442307692307692,0.5717948717948718,0.56282722513089
suicidal_ideation,gemma,1b-pt,0.5733333333333334,0.7644444444444445,0.0266666666666666,0.3955555555555555,0.5584415584415584
therapy_engagement,gemma,1b-pt,0.830952380952381,0.0,0.8928571428571429,0.5952380952380952,0.0
therapy_engagement,gemma,270m-it,1.0,1.0,0.0,0.3333333333333333,0.5
therapy_request,gemma,270m-it,1.0,1.0,0.0,0.3333333333333333,0.5
suicidal_ideation,gemma,27b-it,1.0,0.9866666666666668,0.9333333333333332,0.96,0.961038961038961
therapy_engagement,gemma,27b-it,1.0,0.9142857142857144,1.0,0.9714285714285714,0.955223880597015
therapy_request,gemma,27b-it,1.0,1.0,0.9923076923076924,0.9948717948717948,0.9923664122137404
suicidal_ideation,gemma,27b-pt,0.9622222222222222,0.9866666666666668,0.7822222222222223,0.8844444444444445,0.8951612903225806
suicidal_ideation,gemma,4b-it,0.9955555555555556,0.76,0.9688888888888888,0.8644444444444445,0.8486352357320099
therapy_engagement,gemma,4b-it,1.0,0.9857142857142858,0.9571428571428572,0.9666666666666668,0.9517241379310346
therapy_request,gemma,4b-it,0.9987179487179488,0.8692307692307693,0.9769230769230768,0.941025641025641,0.9076305220883534
therapy_engagement,gemma,4b-pt,0.9976190476190476,0.9928571428571428,0.5964285714285714,0.7285714285714285,0.7091836734693878
suicidal_ideation,gemma1,2b-it,0.9577777777777776,0.3644444444444444,0.84,0.6022222222222222,0.478134110787172
therapy_engagement,gemma1,2b-it,1.0,0.9785714285714284,0.0178571428571428,0.3380952380952381,0.4963768115942029
therapy_request,gemma1,2b-it,0.9064102564102564,0.3576923076923077,0.4096153846153846,0.3923076923076923,0.2818181818181818
suicidal_ideation,gemma1,2b-pt,0.5,0.4133333333333333,0.1822222222222222,0.2977777777777777,0.3705179282868525
suicidal_ideation,gemma2,27b-it,1.0,0.9866666666666668,0.92,0.9533333333333334,0.9548387096774196
therapy_engagement,gemma2,27b-it,1.0,0.8071428571428572,1.0,0.9357142857142856,0.8932806324110673
therapy_request,gemma2,27b-it,1.0,0.9923076923076924,0.9557692307692308,0.967948717948718,0.9537892791127542
suicidal_ideation,gemma2,27b-pt,0.9466666666666668,1.0,0.7155555555555555,0.8577777777777778,0.8754863813229572
therapy_engagement,gemma2,27b-pt,1.0,0.9857142857142858,0.9892857142857144,0.988095238095238,0.9822064056939502
therapy_request,gemma2,27b-pt,0.9756410256410256,0.9692307692307692,0.7557692307692307,0.8269230769230769,0.7887323943661972
suicidal_ideation,gemma2,2b-it,1.0,0.8222222222222222,0.9822222222222222,0.9022222222222224,0.893719806763285
therapy_engagement,gemma2,2b-it,1.0,0.9071428571428573,0.8571428571428571,0.8738095238095238,0.8273615635179153
therapy_request,gemma2,2b-it,0.9910256410256412,0.95,0.8923076923076924,0.9115384615384616,0.8774422735346359
suicidal_ideation,gemma2,2b-pt,0.8466666666666667,0.2888888888888888,0.7066666666666667,0.4977777777777777,0.3651685393258427
therapy_engagement,gemma2,2b-pt,0.6309523809523809,0.5,0.4142857142857143,0.4428571428571428,0.374331550802139
therapy_request,gemma2,2b-pt,0.5076923076923077,0.3653846153846153,0.4288461538461538,0.4076923076923077,0.2914110429447852
suicidal_ideation,gemma2,9b-it,0.9955555555555556,0.9422222222222222,0.96,0.9511111111111112,0.9506726457399104
therapy_engagement,gemma2,9b-it,1.0,0.6,0.9964285714285714,0.8642857142857143,0.7466666666666666
therapy_request,gemma2,9b-it,1.0,0.9653846153846154,0.9692307692307692,0.967948717948718,0.952561669829222
therapy_engagement,gemma2,9b-pt,0.9928571428571428,0.9714285714285714,0.8892857142857142,0.9166666666666666,0.8859934853420196
suicidal_ideation,gemma3n,2b-it,1.0,0.7555555555555555,0.9644444444444444,0.86,0.8436724565756825
therapy_engagement,gemma3n,2b-it,1.0,0.9571428571428572,0.9464285714285714,0.95,0.9273356401384084
therapy_request,gemma3n,2b-it,1.0,0.8615384615384616,0.9807692307692308,0.941025641025641,0.9068825910931174
therapy_engagement,gemma3n,2b-pt,0.988095238095238,0.9714285714285714,0.3285714285714285,0.5428571428571428,0.5862068965517241
suicidal_ideation,gemma3n,4b-it,1.0,0.8977777777777778,0.9688888888888888,0.9333333333333332,0.9308755760368664
therapy_engagement,gemma3n,4b-it,1.0,0.9142857142857144,0.9928571428571428,0.9666666666666668,0.9481481481481482
therapy_request,gemma3n,4b-it,1.0,0.9923076923076924,0.9192307692307692,0.9435897435897436,0.9214285714285716
suicidal_ideation,gemma3n,4b-medical,1.0,0.8577777777777778,0.9777777777777776,0.9177777777777778,0.912529550827423
therapy_engagement,gemma3n,4b-medical,1.0,0.9285714285714286,0.9535714285714286,0.9452380952380952,0.9187279151943464
therapy_request,gemma3n,4b-medical,1.0,0.9692307692307692,0.9788461538461538,0.9756410256410256,0.9636711281070748
suicidal_ideation,gemma3n,4b-mentis,1.0,0.9155555555555556,0.9733333333333334,0.9444444444444444,0.94279176201373
therapy_engagement,gemma3n,4b-mentis,1.0,0.9928571428571428,0.9964285714285714,0.9952380952380953,0.9928571428571428
therapy_request,gemma3n,4b-mentis,1.0,0.9884615384615384,0.9769230769230768,0.9807692307692308,0.9716446124763706
suicidal_ideation,gemma3n,4b-pt-google,1.0,0.8977777777777778,0.9688888888888888,0.9333333333333332,0.9308755760368664
therapy_engagement,gemma3n,4b-pt-google,1.0,0.9142857142857144,0.9928571428571428,0.9666666666666668,0.9481481481481482
therapy_request,gemma3n,4b-pt-google,1.0,0.9923076923076924,0.921153846153846,0.9448717948717948,0.9230769230769232
suicidal_ideation,gemma_therapy,12b-therapist,0.9844444444444445,0.7866666666666666,0.96,0.8733333333333333,0.8613138686131386
therapy_engagement,gemma_therapy,12b-therapist,0.9761904761904762,0.8142857142857143,0.9785714285714284,0.923809523809524,0.8769230769230769
therapy_request,gemma_therapy,12b-therapist,0.9974358974358974,0.8346153846153846,0.9980769230769232,0.9435897435897436,0.9079497907949792
suicidal_ideation,gemma_therapy,1b-emotional,0.9888888888888888,0.8177777777777778,0.8577777777777778,0.8377777777777777,0.8344671201814059
therapy_engagement,gemma_therapy,1b-emotional,0.9976190476190476,0.8428571428571429,0.5928571428571429,0.6761904761904762,0.6344086021505376
therapy_request,gemma_therapy,1b-emotional,0.9884615384615384,0.3692307692307692,0.8442307692307692,0.6858974358974359,0.4393592677345538
suicidal_ideation,gemma_therapy,4.5b-trauma,1.0,0.9422222222222222,0.9555555555555556,0.9488888888888888,0.9485458612975392
therapy_engagement,gemma_therapy,4.5b-trauma,1.0,0.9928571428571428,0.7178571428571429,0.8095238095238095,0.776536312849162
therapy_request,gemma_therapy,4.5b-trauma,0.9769230769230768,0.8115384615384615,0.9519230769230768,0.9051282051282052,0.8508064516129032
therapy_engagement,gemma_therapy,9b-ataraxy,1.0,0.7071428571428572,0.9821428571428572,0.8904761904761904,0.8114754098360657
therapy_request,gemma_therapy,9b-ataraxy,0.6974358974358974,0.8192307692307692,0.6096153846153847,0.6794871794871795,0.6301775147928994
therapy_engagement,gemma_therapy,9b-psy10k,1.0,0.6928571428571428,0.9785714285714284,0.8833333333333333,0.7983539094650205
therapy_request,gemma_therapy,9b-psy10k,0.5807692307692308,0.6576923076923077,0.5307692307692308,0.573076923076923,0.5066666666666666
suicidal_ideation,llama1,13b,0.8266666666666667,0.1511111111111111,0.6666666666666666,0.4088888888888889,0.2035928143712575
therapy_request,llama1,13b,0.7128205128205128,0.7615384615384615,0.0057692307692307,0.2576923076923076,0.4061538461538462
suicidal_ideation,llama1,30b,0.6911111111111111,0.7777777777777778,0.4,0.5888888888888889,0.6542056074766356
therapy_request,llama1,30b,0.7782051282051282,0.7346153846153847,0.4423076923076923,0.5397435897435897,0.5155195681511471
suicidal_ideation,llama1,7b,0.8288888888888889,0.8844444444444445,0.3022222222222222,0.5933333333333334,0.6850258175559382
therapy_request,llama1,7b,0.5307692307692308,0.5384615384615384,0.0038461538461538,0.182051282051282,0.3050108932461873
therapy_engagement,llama2,13b-it,0.9976190476190476,0.9285714285714286,0.875,0.8928571428571429,0.8524590163934426
therapy_engagement,llama2,13b-pt,0.7142857142857143,0.8285714285714286,0.3892857142857143,0.5357142857142857,0.5433255269320844
therapy_request,llama2,13b-pt,0.708974358974359,0.4423076923076923,0.0057692307692307,0.1512820512820512,0.257847533632287
suicidal_ideation,llama2,70b-it,0.9088888888888887,0.8355555555555556,0.7822222222222223,0.8088888888888889,0.8138528138528138
therapy_engagement,llama2,70b-it,0.5976190476190476,0.4857142857142857,0.5464285714285714,0.5261904761904762,0.4059701492537313
therapy_request,llama2,70b-it,0.9743589743589745,0.9653846153846154,0.7346153846153847,0.8115384615384615,0.7734976887519261
suicidal_ideation,llama2,70b-pt,0.9222222222222224,0.9777777777777776,0.6533333333333333,0.8155555555555556,0.8413001912045889
therapy_engagement,llama2,70b-pt,1.0,1.0,0.7357142857142858,0.8238095238095238,0.7909604519774012
therapy_request,llama2,70b-pt,0.8807692307692307,0.8769230769230769,0.2557692307692307,0.4628205128205128,0.5211428571428571
suicidal_ideation,llama2,7b-it,0.7888888888888889,0.4622222222222222,0.6311111111111111,0.5466666666666666,0.5048543689320388
therapy_engagement,llama2,7b-it,0.580952380952381,0.3142857142857143,0.425,0.3880952380952381,0.2550724637681159
therapy_request,llama2,7b-it,0.6538461538461539,0.1846153846153846,0.6192307692307693,0.4743589743589743,0.1897233201581027
suicidal_ideation,llama3,8b-it,0.9466666666666668,0.88,0.8844444444444445,0.8822222222222222,0.8819599109131402
therapy_engagement,llama3,8b-it,0.8238095238095238,0.8857142857142857,0.6107142857142858,0.7023809523809523,0.6648793565683645
therapy_request,llama3,8b-it,0.9217948717948716,0.5846153846153846,0.8980769230769231,0.7935897435897435,0.6537634408602151
suicidal_ideation,llama3.1,70b-it,1.0,0.9688888888888888,0.96,0.9644444444444444,0.9646017699115046
therapy_engagement,llama3.1,70b-it,1.0,0.7857142857142857,0.9892857142857144,0.9214285714285714,0.8695652173913043
therapy_request,llama3.1,70b-it,1.0,0.926923076923077,1.0,0.9756410256410256,0.9620758483033932
suicidal_ideation,llama3.1,8b-it,1.0,0.8577777777777778,0.9777777777777776,0.9177777777777778,0.912529550827423
therapy_engagement,llama3.1,8b-it,0.9976190476190476,0.8142857142857143,0.9892857142857144,0.930952380952381,0.88715953307393
therapy_request,llama3.1,8b-it,1.0,0.5884615384615385,0.9826923076923076,0.8512820512820513,0.7251184834123223
suicidal_ideation,llama3.1,8b-pt,0.6688888888888889,0.76,0.4177777777777778,0.5888888888888889,0.6489563567362429
therapy_engagement,llama3.1,8b-pt,1.0,0.9857142857142858,0.6928571428571428,0.7904761904761904,0.7582417582417583
therapy_request,llama3.1,8b-pt,0.5205128205128206,0.3307692307692307,0.5076923076923077,0.4487179487179487,0.2857142857142857
suicidal_ideation,llama3.2,1b-it,0.8911111111111111,0.0266666666666666,0.8888888888888888,0.4577777777777778,0.046875
therapy_engagement,llama3.2,1b-it,0.9952380952380953,0.9928571428571428,0.4428571428571428,0.6261904761904762,0.6390804597701151
suicidal_ideation,llama3.2,1b-pt,0.5133333333333333,0.2177777777777777,0.3288888888888889,0.2733333333333333,0.2305882352941176
suicidal_ideation,llama3.2,3b-it,0.9688888888888888,0.7822222222222223,0.9377777777777778,0.86,0.8481927710843374
therapy_engagement,llama3.2,3b-it,1.0,0.9642857142857144,0.75,0.8214285714285714,0.782608695652174
therapy_request,llama3.2,3b-it,0.6448717948717949,0.5346153846153846,0.5769230769230769,0.5628205128205128,0.4491114701130856
suicidal_ideation,llama3.2,3b-pt,0.6755555555555556,0.3111111111111111,0.4622222222222222,0.3866666666666666,0.3365384615384615
therapy_engagement,llama3.2,3b-pt,1.0,0.8142857142857143,0.8714285714285714,0.8523809523809524,0.7862068965517242
suicidal_ideation,llama3.3,70b,1.0,0.9777777777777776,0.9511111111111112,0.9644444444444444,0.9649122807017544
therapy_engagement,llama3.3,70b,1.0,0.75,0.9892857142857144,0.9095238095238096,0.846774193548387
therapy_request,llama3.3,70b,1.0,0.9923076923076924,0.9884615384615384,0.9897435897435898,0.9847328244274808
suicidal_ideation,llama_guard,1b,1.0,0.4977777777777777,0.9911111111111112,0.7444444444444445,0.6607669616519174
therapy_engagement,llama_guard,1b,1.0,0.0071428571428571,1.0,0.669047619047619,0.0141843971631205
therapy_request,llama_guard,1b,1.0,0.0115384615384615,0.9942307692307693,0.6666666666666666,0.0225563909774436
suicidal_ideation,llama_guard,8b,1.0,0.6711111111111111,1.0,0.8355555555555556,0.803191489361702
therapy_engagement,llama_guard,8b,1.0,0.0142857142857142,1.0,0.6714285714285714,0.028169014084507
therapy_request,llama_guard,8b,1.0,0.2769230769230769,1.0,0.7589743589743589,0.4337349397590362
suicidal_ideation,llama_medical,70b-med42,0.9911111111111112,0.9688888888888888,0.9288888888888888,0.9488888888888888,0.9498910675381264
therapy_engagement,llama_medical,70b-med42,0.9523809523809524,0.9357142857142856,0.8928571428571429,0.9071428571428573,0.8704318936877076
therapy_request,llama_medical,70b-med42,0.9935897435897436,0.9923076923076924,0.8903846153846153,0.9243589743589744,0.8973913043478261
suicidal_ideation,llama_medical,70b-meditron,0.9111111111111112,0.9911111111111112,0.6533333333333333,0.8222222222222222,0.8479087452471482
therapy_engagement,llama_medical,70b-meditron,1.0,0.9857142857142858,0.8214285714285714,0.8761904761904762,0.8414634146341464
therapy_request,llama_medical,70b-meditron,0.6653846153846154,0.7615384615384615,0.4173076923076923,0.532051282051282,0.5203679369250985
suicidal_ideation,llama_medical,8b-med42,0.9622222222222222,0.7511111111111111,0.96,0.8555555555555555,0.8387096774193549
therapy_engagement,llama_medical,8b-med42,0.8452380952380952,0.95,0.6571428571428571,0.7547619047619047,0.7208672086720866
therapy_request,llama_medical,8b-med42,0.8743589743589744,0.676923076923077,0.8057692307692308,0.7628205128205128,0.6554934823091249
suicidal_ideation,llama_mental_health,13b-mentallama,0.6088888888888889,0.72,0.3244444444444444,0.5222222222222223,0.601113172541744
therapy_engagement,llama_mental_health,13b-mentallama,0.9071428571428573,0.6857142857142857,0.8214285714285714,0.7761904761904762,0.6713286713286712
therapy_engagement,llama_mental_health,1b-companion,0.680952380952381,0.8714285714285714,0.1892857142857142,0.4166666666666667,0.4989775051124745
therapy_engagement,llama_mental_health,1b-mental-health,0.8142857142857143,0.7285714285714285,0.5642857142857143,0.6190476190476191,0.5604395604395604
therapy_engagement,llama_mental_health,3b-chatbot-v2,1.0,0.8071428571428572,0.6678571428571428,0.7142857142857143,0.653179190751445
suicidal_ideation,llama_mental_health,3b-kenko,0.7088888888888889,0.3466666666666667,0.8533333333333334,0.6,0.4642857142857143
therapy_engagement,llama_mental_health,3b-kenko,1.0,0.8928571428571429,0.6857142857142857,0.7547619047619047,0.7082152974504249
therapy_request,llama_mental_health,3b-kenko,0.8448717948717949,0.1653846153846153,0.9153846153846154,0.6653846153846154,0.2478386167146973
suicidal_ideation,llama_mental_health,3b-mental-health-chatbot,0.8733333333333333,0.7155555555555555,0.84,0.7777777777777778,0.7630331753554502
therapy_engagement,llama_mental_health,3b-mental-health-chatbot,1.0,0.9428571428571428,0.7428571428571429,0.8095238095238095,0.7674418604651163
suicidal_ideation,llama_mental_health,3b-youth-classification,0.8844444444444445,0.6844444444444444,0.8666666666666667,0.7755555555555556,0.7530562347188264
therapy_engagement,llama_mental_health,3b-youth-classification,1.0,0.8357142857142857,0.8821428571428571,0.8666666666666667,0.806896551724138
therapy_request,llama_mental_health,3b-youth-classification,0.6641025641025641,0.1153846153846153,0.7076923076923077,0.5102564102564102,0.1357466063348416
therapy_engagement,llama_mental_health,7b-mentallama,0.6904761904761905,0.3142857142857143,0.5607142857142857,0.4785714285714286,0.2866449511400651
therapy_engagement,llama_mental_health,8b-companion,1.0,0.9428571428571428,0.7535714285714286,0.8166666666666667,0.7741935483870969
suicidal_ideation,llama_mental_health,8b-mental-health-classification,0.9977777777777778,0.7111111111111111,0.9777777777777776,0.8444444444444444,0.8205128205128205
therapy_engagement,llama_mental_health,8b-mental-health-classification,1.0,0.85,0.9321428571428572,0.9047619047619048,0.8561151079136692
therapy_request,llama_mental_health,8b-mental-health-classification,1.0,0.4038461538461538,0.9980769230769232,0.8,0.5737704918032787
suicidal_ideation,llama_mental_health,8b-mental-mix-sft,0.9777777777777776,0.8977777777777778,0.9644444444444444,0.9311111111111112,0.928735632183908
therapy_engagement,llama_mental_health,8b-mental-mix-sft,1.0,0.5642857142857143,0.9964285714285714,0.8523809523809524,0.7181818181818181
therapy_request,llama_mental_health,8b-mental-mix-sft,1.0,0.5307692307692308,0.9942307692307693,0.8397435897435898,0.688279301745636
suicidal_ideation,llama_therapy,8b-mental-therapy-cat,0.8111111111111111,0.5288888888888889,0.8844444444444445,0.7066666666666667,0.6432432432432432
therapy_engagement,llama_therapy,8b-mental-therapy-cat,0.9833333333333332,0.85,0.9285714285714286,0.9023809523809524,0.8530465949820788
therapy_request,llama_therapy,8b-mental-therapy-cat,0.9666666666666668,0.7653846153846153,0.8519230769230769,0.823076923076923,0.7425373134328358
suicidal_ideation,llama_therapy,8b-psycare,0.9933333333333332,0.6977777777777778,0.9866666666666668,0.8422222222222222,0.8155844155844156
therapy_engagement,llama_therapy,8b-psycare,1.0,0.3928571428571428,1.0,0.7976190476190477,0.5641025641025641
therapy_request,llama_therapy,8b-psycare,0.9833333333333332,0.2653846153846154,0.9865384615384616,0.7461538461538462,0.4107142857142857
suicidal_ideation,llama_therapy,8b-psychocounsel,1.0,0.8755555555555555,0.9777777777777776,0.9266666666666666,0.9227166276346604
therapy_engagement,llama_therapy,8b-psychocounsel,0.9976190476190476,0.8857142857142857,0.9892857142857144,0.9547619047619048,0.9288389513108616
therapy_request,llama_therapy,8b-psychocounsel,1.0,0.6538461538461539,0.9788461538461538,0.8705128205128205,0.7709750566893425
suicidal_ideation,llama_therapy,8b-therapy-model,0.7844444444444445,0.3955555555555555,0.7066666666666667,0.5511111111111111,0.4684210526315789
suicidal_ideation,llama_therapy,8b-therapyllama,0.8711111111111111,0.76,0.8444444444444444,0.8022222222222222,0.7935034802784221
therapy_request,llama_therapy,8b-therapyllama,0.5269230769230769,0.3538461538461538,0.475,0.4346153846153846,0.2944
suicidal_ideation,llama_therapy,8b-wellminded,0.9911111111111112,0.8088888888888889,0.9866666666666668,0.8977777777777778,0.8878048780487805
therapy_engagement,llama_therapy,8b-wellminded,1.0,0.8071428571428572,0.9571428571428572,0.9071428571428573,0.8528301886792452
therapy_request,llama_therapy,8b-wellminded,0.9974358974358974,0.45,0.9884615384615384,0.808974358974359,0.6109660574412533
suicidal_ideation,medgemma,27b-it,1.0,0.9911111111111112,0.8488888888888889,0.92,0.925311203319502
therapy_engagement,medgemma,27b-it,1.0,0.6428571428571429,1.0,0.8809523809523809,0.782608695652174
therapy_request,medgemma,27b-it,1.0,0.9884615384615384,0.9923076923076924,0.9910256410256412,0.9865642994241844
suicidal_ideation,medgemma,27b-text-it,1.0,0.9822222222222222,0.9377777777777778,0.96,0.9608695652173912
therapy_engagement,medgemma,27b-text-it,1.0,0.7428571428571429,1.0,0.9142857142857144,0.8524590163934427
therapy_request,medgemma,27b-text-it,1.0,0.9961538461538462,1.0,0.9987179487179488,0.9980732177263968
suicidal_ideation,medgemma,4b-it,1.0,0.7866666666666666,0.9822222222222222,0.8844444444444445,0.8719211822660098
therapy_engagement,medgemma,4b-it,1.0,0.9428571428571428,0.9142857142857144,0.923809523809524,0.8918918918918919
therapy_request,medgemma,4b-it,1.0,0.9307692307692308,0.8615384615384616,0.8846153846153846,0.843205574912892
suicidal_ideation,mental_health,1b,0.9933333333333332,0.56,0.9777777777777776,0.7688888888888888,0.7078651685393259
therapy_engagement,mental_health,1b,1.0,0.9785714285714284,0.4142857142857143,0.6023809523809524,0.6213151927437641
therapy_request,mental_health,1b,1.0,0.7576923076923077,0.5538461538461539,0.6217948717948718,0.571843251088534
suicidal_ideation,mental_health,ecdev_-_gemma-2b-instruct-ft-mental-health-counseling-conversations,0.9266666666666666,0.1155555555555555,0.9066666666666666,0.5111111111111111,0.1911764705882353
therapy_engagement,mental_health,ecdev_-_gemma-2b-instruct-ft-mental-health-counseling-conversations,1.0,0.0,1.0,0.6666666666666666,0.0
therapy_request,mental_health,ecdev_-_gemma-2b-instruct-ft-mental-health-counseling-conversations,0.7794871794871795,0.0076923076923076,0.775,0.5192307692307693,0.0105540897097625
suicidal_ideation,mental_health,gemma-2-2b-it-therapist,0.9777777777777776,0.6222222222222222,0.9377777777777778,0.78,0.7387862796833773
therapy_engagement,mental_health,gemma-2-2b-it-therapist,0.9928571428571428,0.95,0.2392857142857143,0.4761904761904761,0.5473251028806584
therapy_request,mental_health,gemma-2-2b-it-therapist,0.9076923076923076,0.7115384615384616,0.8326923076923077,0.7923076923076923,0.6954887218045113
suicidal_ideation,mental_health,gemma-2b-unsloth-mental-health-merged,0.5644444444444444,0.6488888888888888,0.0,0.3244444444444444,0.4899328859060403
therapy_engagement,mental_health,gemma-2b-unsloth-mental-health-merged,0.9976190476190476,0.0428571428571428,0.925,0.6309523809523809,0.0718562874251497
suicidal_ideation,mental_health,gemma-mental-health-i1,0.7755555555555556,0.04,0.8711111111111111,0.4555555555555555,0.0684410646387832
therapy_engagement,mental_health,gemma-mental-health-i1,0.9047619047619048,0.2285714285714285,0.1964285714285714,0.2071428571428571,0.1612090680100756
therapy_request,mental_health,gemma-mental-health-i1,0.5717948717948718,0.0923076923076923,0.5307692307692308,0.3846153846153846,0.0909090909090909
therapy_engagement,mental_health,guelgamesh01_-_gemma-2b-it-finetuned-mental-health-qa,1.0,0.1571428571428571,0.9571428571428572,0.6904761904761905,0.2528735632183908
therapy_request,mental_health,guelgamesh01_-_gemma-2b-it-finetuned-mental-health-qa,0.5794871794871795,0.0384615384615384,0.4980769230769231,0.3448717948717948,0.0376647834274952
suicidal_ideation,qwen,0.6b,0.9888888888888888,0.3377777777777778,0.9777777777777776,0.6577777777777778,0.4967320261437908
therapy_engagement,qwen,0.6b,1.0,0.9928571428571428,0.5357142857142857,0.6880952380952381,0.6797066014669927
therapy_request,qwen,0.6b,1.0,0.6884615384615385,0.953846153846154,0.8653846153846154,0.7732181425485961
suicidal_ideation,qwen,1.7b,0.9577777777777776,0.6666666666666666,0.9644444444444444,0.8155555555555556,0.7832898172323759
therapy_engagement,qwen,1.7b,1.0,0.9785714285714284,0.9178571428571428,0.938095238095238,0.9133333333333332
therapy_request,qwen,1.7b,0.9987179487179488,0.8538461538461538,1.0,0.9512820512820512,0.921161825726141
suicidal_ideation,qwen,14b,1.0,0.9777777777777776,0.9422222222222222,0.96,0.9606986899563318
therapy_engagement,qwen,14b,1.0,0.55,1.0,0.85,0.7096774193548387
therapy_request,qwen,14b,1.0,0.9961538461538462,0.9865384615384616,0.9897435897435898,0.9847908745247148
suicidal_ideation,qwen,32b,1.0,0.9777777777777776,0.9777777777777776,0.9777777777777776,0.9777777777777776
therapy_engagement,qwen,32b,1.0,0.6857142857142857,1.0,0.8952380952380953,0.8135593220338984
therapy_request,qwen,32b,1.0,1.0,0.9403846153846154,0.9602564102564104,0.943738656987296
suicidal_ideation,qwen,4b,1.0,0.9111111111111112,0.9555555555555556,0.9333333333333332,0.931818181818182
therapy_engagement,qwen,4b,1.0,0.9642857142857144,0.975,0.9714285714285714,0.9574468085106383
therapy_request,qwen,4b,1.0,0.9923076923076924,0.9788461538461538,0.9833333333333332,0.9754253308128544
suicidal_ideation,qwen,8b,1.0,0.9555555555555556,0.96,0.9577777777777776,0.957683741648107
therapy_engagement,qwen,8b,1.0,0.6142857142857143,0.9892857142857144,0.8642857142857143,0.7510917030567685
therapy_request,qwen,8b,1.0,1.0,0.9980769230769232,0.9987179487179488,0.9980806142034548
therapy_engagement,qwen1.5,0.5b-it,0.9523809523809524,0.0357142857142857,0.8678571428571429,0.5904761904761905,0.0549450549450549
therapy_engagement,qwen1.5,1.8b-it,0.9047619047619048,0.3928571428571428,0.5678571428571428,0.5095238095238095,0.3481012658227848
therapy_engagement,qwen1.5,4b-it,1.0,1.0,0.5107142857142857,0.6738095238095239,0.671462829736211
suicidal_ideation,qwen1.5,7b-it,0.7355555555555555,0.7644444444444445,0.5555555555555556,0.66,0.6921529175050302
therapy_engagement,qwen1.5,7b-it,1.0,0.8714285714285714,0.8928571428571429,0.8857142857142857,0.8356164383561644
therapy_request,qwen1.5,7b-it,0.8551282051282051,0.8615384615384616,0.6019230769230769,0.6884615384615385,0.6483357452966715
suicidal_ideation,qwen2,0.5b-it,0.9888888888888888,0.0044444444444444,0.9777777777777776,0.4911111111111111,0.0086580086580086
therapy_engagement,qwen2,0.5b-it,1.0,0.0142857142857142,0.9964285714285714,0.669047619047619,0.0279720279720279
therapy_request,qwen2,0.5b-it,0.823076923076923,0.0115384615384615,0.8153846153846154,0.5474358974358975,0.0167130919220055
suicidal_ideation,qwen2,1.5b-it,0.9888888888888888,0.0088888888888888,0.9777777777777776,0.4933333333333333,0.0172413793103448
therapy_engagement,qwen2,1.5b-it,1.0,0.0071428571428571,0.9714285714285714,0.65,0.0134228187919463
therapy_request,qwen2,1.5b-it,0.9987179487179488,0.7461538461538462,0.85,0.8153846153846154,0.7293233082706766
suicidal_ideation,qwen2,7b-it,0.9933333333333332,0.9022222222222224,0.9244444444444444,0.9133333333333332,0.9123595505617978
therapy_engagement,qwen2,7b-it,1.0,0.9857142857142858,0.9035714285714286,0.930952380952381,0.9049180327868852
therapy_request,qwen2,7b-it,1.0,0.9692307692307692,0.9846153846153848,0.9794871794871794,0.9692307692307692
suicidal_ideation,qwen2,7b-pt,0.52,0.52,0.4488888888888889,0.4844444444444444,0.502145922746781
therapy_request,qwen2,7b-pt,0.6346153846153846,0.35,0.5711538461538461,0.4974358974358974,0.3170731707317073
suicidal_ideation,qwen_guard,0.6b,1.0,0.9644444444444444,0.3733333333333333,0.6688888888888889,0.7444253859348199
therapy_engagement,qwen_guard,0.6b,1.0,0.0,0.9964285714285714,0.6642857142857143,0.0
therapy_request,qwen_guard,0.6b,1.0,0.0,0.9807692307692308,0.6538461538461539,0.0
suicidal_ideation,qwen_guard,4b,1.0,0.9022222222222224,0.9777777777777776,0.94,0.9376443418013856
therapy_engagement,qwen_guard,4b,1.0,0.0,1.0,0.6666666666666666,0.0
therapy_request,qwen_guard,4b,1.0,0.0076923076923076,1.0,0.6692307692307692,0.015267175572519
suicidal_ideation,qwen_guard,8b,1.0,0.9111111111111112,0.9955555555555556,0.9533333333333334,0.951276102088167
therapy_engagement,qwen_guard,8b,1.0,0.0,1.0,0.6666666666666666,0.0
therapy_request,qwen_guard,8b,1.0,0.0,1.0,0.6666666666666666,0.0
suicidal_ideation,qwen_medical,1.7b,0.9888888888888888,0.4888888888888889,0.9911111111111112,0.74,0.6528189910979229
therapy_engagement,qwen_medical,1.7b,1.0,0.9214285714285714,0.5892857142857143,0.7,0.671875
therapy_request,qwen_medical,1.7b,1.0,0.6192307692307693,0.9961538461538462,0.8705128205128205,0.7612293144208038
suicidal_ideation,qwen_medical,32b-reasoning,1.0,0.9822222222222222,0.9777777777777776,0.98,0.9800443458980044
therapy_engagement,qwen_medical,32b-reasoning,1.0,0.5928571428571429,1.0,0.8642857142857143,0.7443946188340806
therapy_request,qwen_medical,32b-reasoning,1.0,0.9807692307692308,0.9846153846153848,0.9833333333333332,0.9751434034416826
suicidal_ideation,qwen_medical,4b-reasoning,1.0,0.9066666666666666,0.9688888888888888,0.9377777777777778,0.9357798165137616
therapy_engagement,qwen_medical,4b-reasoning,1.0,0.8285714285714286,0.9535714285714286,0.911904761904762,0.8624535315985131
therapy_request,qwen_medical,4b-reasoning,0.9948717948717948,0.7961538461538461,1.0,0.932051282051282,0.8865096359743041
suicidal_ideation,qwen_medical,7b-8bit,0.9666666666666668,0.9822222222222222,0.7333333333333333,0.8577777777777778,0.8735177865612648
therapy_engagement,qwen_medical,7b-8bit,1.0,0.9285714285714286,0.825,0.8595238095238096,0.8150470219435736
therapy_request,qwen_medical,7b-8bit,0.9884615384615384,0.953846153846154,0.6288461538461538,0.7371794871794872,0.7075606276747504
suicidal_ideation,qwen_medical,7b-med-qwen2,0.9955555555555556,0.9733333333333334,0.7866666666666666,0.88,0.8902439024390245
therapy_engagement,qwen_medical,7b-med-qwen2,1.0,0.9428571428571428,0.8607142857142858,0.888095238095238,0.8488745980707395
therapy_request,qwen_medical,7b-med-qwen2,0.9974358974358974,0.7461538461538462,0.9596153846153846,0.8884615384615384,0.8168421052631578
suicidal_ideation,qwen_medical,7b-umls,1.0,0.9555555555555556,0.9555555555555556,0.9555555555555556,0.9555555555555556
therapy_engagement,qwen_medical,7b-umls,1.0,0.5642857142857143,1.0,0.8547619047619047,0.7214611872146118
therapy_request,qwen_medical,7b-umls,1.0,0.95,0.9923076923076924,0.9782051282051282,0.9667318982387476
suicidal_ideation,qwen_medical,8b-reasoning,1.0,0.9555555555555556,0.9644444444444444,0.96,0.9598214285714286
therapy_engagement,qwen_medical,8b-reasoning,1.0,0.4,0.9964285714285714,0.7976190476190477,0.5685279187817259
therapy_request,qwen_medical,8b-reasoning,0.9974358974358974,0.9769230769230768,1.0,0.9923076923076924,0.9883268482490272
suicidal_ideation,qwen_mental_health,0.6b,0.9933333333333332,0.5022222222222222,0.9733333333333334,0.7377777777777778,0.6569767441860465
therapy_engagement,qwen_mental_health,0.6b,0.911904761904762,0.7571428571428571,0.3857142857142857,0.5095238095238095,0.507177033492823
therapy_request,qwen_mental_health,0.6b,1.0,0.6961538461538461,0.9807692307692308,0.8858974358974359,0.802660753880266
suicidal_ideation,qwen_mental_health,1.8b-depression,0.66,0.5911111111111111,0.3866666666666666,0.4888888888888889,0.5362903225806452
suicidal_ideation,qwen_mental_health,14b-psycollm,0.9822222222222222,0.96,0.8888888888888888,0.9244444444444444,0.927038626609442
therapy_engagement,qwen_mental_health,14b-psycollm,1.0,1.0,0.7321428571428571,0.8214285714285714,0.7887323943661972
therapy_request,qwen_mental_health,14b-psycollm,0.9397435897435896,0.3961538461538461,0.8692307692307693,0.7115384615384616,0.4779582366589327
suicidal_ideation,qwen_mental_health,14b-xinyuan,0.9955555555555556,0.9555555555555556,0.9466666666666668,0.9511111111111112,0.9513274336283186
therapy_engagement,qwen_mental_health,14b-xinyuan,1.0,0.7,0.9964285714285714,0.8976190476190476,0.8200836820083682
therapy_request,qwen_mental_health,14b-xinyuan,1.0,0.953846153846154,0.9865384615384616,0.9756410256410256,0.9631067961165048
suicidal_ideation,qwen_mental_health,33b-compumacy,0.8933333333333333,0.8933333333333333,0.8266666666666667,0.86,0.8645161290322579
therapy_engagement,qwen_mental_health,33b-compumacy,1.0,0.7357142857142858,1.0,0.911904761904762,0.8477366255144033
therapy_engagement,qwen_mental_health,4b-depression-reddit,0.9738095238095238,0.6785714285714286,0.7607142857142857,0.7333333333333333,0.6291390728476821
suicidal_ideation,qwen_mental_health,7b-deepseek-mental,0.6377777777777778,0.5288888888888889,0.5777777777777777,0.5533333333333333,0.5421412300683371
therapy_request,qwen_mental_health,7b-deepseek-mental,0.717948717948718,0.8115384615384615,0.3769230769230769,0.5217948717948718,0.5308176100628931
suicidal_ideation,shieldgemma,27b,1.0,0.9866666666666668,0.9333333333333332,0.96,0.961038961038961
therapy_engagement,shieldgemma,27b,1.0,0.8428571428571429,1.0,0.9476190476190476,0.9147286821705426
therapy_request,shieldgemma,27b,1.0,0.9884615384615384,0.9673076923076924,0.9743589743589745,0.9625468164794008
suicidal_ideation,shieldgemma,2b,0.9977777777777778,0.9022222222222224,0.9688888888888888,0.9355555555555556,0.9333333333333336
therapy_engagement,shieldgemma,2b,1.0,0.9142857142857144,0.8357142857142857,0.861904761904762,0.8152866242038218
therapy_request,shieldgemma,2b,1.0,0.9923076923076924,0.9057692307692308,0.9346153846153846,0.91005291005291
therapy_engagement,shieldgemma,9b,0.5571428571428572,0.5785714285714286,0.3464285714285714,0.4238095238095238,0.400990099009901
