family,task,ft_family,ft_size,ft_model_type,ft_param_billions,base_family,base_size,delta_f1,base_f1,ft_f1,finetune_type
gemma,suicidal_ideation,gemma3n,4b-mentis,Mental Health,6.9,gemma3n,4b-it,0.011916185976863614,0.9308755760368664,0.94279176201373,mental_health
gemma,suicidal_ideation,mental_health,270m,Mental Health,0.268,gemma,270m-pt,-0.0519480519480519,0.0519480519480519,0.0,mental_health
gemma,suicidal_ideation,mental_health,1b,Mental Health,1.0,gemma,1b-it,0.06714660566507447,0.6407185628742514,0.7078651685393259,mental_health
gemma,suicidal_ideation,mental_health,guelgamesh01_-_gemma-2b-it-finetuned-mental-health-qa,Mental Health,2.0,gemma1,2b-it,-0.3681864668081144,0.478134110787172,0.1099476439790576,mental_health
gemma,suicidal_ideation,mental_health,gemma-2b-unsloth-mental-health-merged,Mental Health,2.0,gemma1,2b-it,0.011798775118868288,0.478134110787172,0.4899328859060403,mental_health
gemma,suicidal_ideation,mental_health,ecdev_-_gemma-2b-instruct-ft-mental-health-counseling-conversations,Mental Health,2.0,gemma1,2b-it,-0.28695764019893666,0.478134110787172,0.1911764705882353,mental_health
gemma,suicidal_ideation,mental_health,gemma-psychology-finetune,Mental Health,2.0,gemma1,2b-it,-0.478134110787172,0.478134110787172,0.0,mental_health
gemma,suicidal_ideation,mental_health,gemma-2-2b-it-therapist,Mental Health,2.0,gemma2,2b-it,-0.1549335270799077,0.893719806763285,0.7387862796833773,mental_health
gemma,suicidal_ideation,gemma_therapy,268m-therapist,Mental Health,0.268,gemma,270m-it,-0.3426443202979516,0.3426443202979516,0.0,mental_health
gemma,suicidal_ideation,gemma_therapy,1b-emotional,Mental Health,1.0,gemma,1b-it,0.19374855730715446,0.6407185628742514,0.8344671201814059,mental_health
gemma,suicidal_ideation,gemma_therapy,4.5b-trauma,Mental Health,4.5,gemma3n,2b-it,0.10487340472185669,0.8436724565756825,0.9485458612975392,mental_health
gemma,suicidal_ideation,gemma_therapy,9b-psy10k,Mental Health,9.0,gemma2,9b-it,-0.5146366097038744,0.9506726457399104,0.4360360360360361,mental_health
gemma,suicidal_ideation,gemma_therapy,9b-ataraxy,Mental Health,9.0,gemma2,9b-it,-0.44765453708799896,0.9506726457399104,0.5030181086519114,mental_health
gemma,suicidal_ideation,gemma_therapy,12b-therapist,Mental Health,12.0,gemma,12b-it,-0.08723199268440052,0.9485458612975392,0.8613138686131386,mental_health
qwen,suicidal_ideation,qwen_mental_health,0.6b,Mental Health,0.6,qwen,0.6b,0.16024471804225565,0.4967320261437908,0.6569767441860465,mental_health
llama,suicidal_ideation,llama_mental_health,7b-mentallama,Mental Health,6.7,llama2,7b-it,-0.4315785068630733,0.5048543689320388,0.0732758620689655,mental_health
llama,suicidal_ideation,llama_mental_health,13b-mentallama,Mental Health,13.0,llama2,13b-it,0.39058685675227034,0.2105263157894737,0.601113172541744,mental_health
llama,suicidal_ideation,llama_mental_health,1b-mental-health,Mental Health,1.0,llama3.2,1b-it,-0.0361798128342246,0.046875,0.0106951871657754,mental_health
llama,suicidal_ideation,llama_mental_health,3b-mental-health-chatbot,Mental Health,3.0,llama3.2,3b-it,-0.0851595957288872,0.8481927710843374,0.7630331753554502,mental_health
llama,suicidal_ideation,llama_mental_health,8b-mental-health-classification,Mental Health,8.0,llama3.1,8b-it,-0.09201673031460256,0.912529550827423,0.8205128205128205,mental_health
llama,suicidal_ideation,llama_therapy,8b-therapy-model,Mental Health,8.0,llama3,8b-it,-0.4135388582815613,0.8819599109131402,0.4684210526315789,mental_health
llama,suicidal_ideation,llama_therapy,8b-therapyllama,Mental Health,8.0,llama3,8b-it,-0.08845643063471809,0.8819599109131402,0.7935034802784221,mental_health
llama,suicidal_ideation,llama_therapy,8b-wellminded,Mental Health,8.0,llama3.1,8b-pt,0.23884852131253764,0.6489563567362429,0.8878048780487805,mental_health
llama,suicidal_ideation,llama_therapy,8b-mental-therapy-cat,Mental Health,8.0,llama3,8b-it,-0.23871666766989696,0.8819599109131402,0.6432432432432432,mental_health
llama,suicidal_ideation,llama_mental_health,3b-kenko,Mental Health,3.0,llama3.2,3b-it,-0.38390705679862314,0.8481927710843374,0.4642857142857143,mental_health
llama,suicidal_ideation,llama_mental_health,8b-companion,Mental Health,8.0,llama3.1,8b-pt,-0.6489563567362429,0.6489563567362429,0.0,mental_health
llama,suicidal_ideation,llama_mental_health,1b-companion,Mental Health,1.0,llama3.2,1b-it,0.077526913875598,0.046875,0.124401913875598,mental_health
llama,suicidal_ideation,llama_mental_health,3b-chatbot-v2,Mental Health,3.0,llama3.2,3b-it,-0.8387810063784551,0.8481927710843374,0.0094117647058823,mental_health
llama,suicidal_ideation,llama_therapy,8b-psycare,Mental Health,8.0,llama3.1,8b-it,-0.09694513524300741,0.912529550827423,0.8155844155844156,mental_health
llama,suicidal_ideation,llama_therapy,8b-psychocounsel,Mental Health,8.0,llama3.1,8b-it,0.010187076807237405,0.912529550827423,0.9227166276346604,mental_health
llama,suicidal_ideation,llama_mental_health,3b-youth-classification,Mental Health,3.0,llama3.2,3b-it,-0.095136536365511,0.8481927710843374,0.7530562347188264,mental_health
qwen,suicidal_ideation,qwen_mental_health,33b-compumacy,Mental Health,32.0,qwen,32b,-0.1132616487455197,0.9777777777777776,0.8645161290322579,mental_health
gemma,therapy_request,gemma3n,4b-mentis,Mental Health,6.9,gemma3n,4b-it,0.050216041047798976,0.9214285714285716,0.9716446124763706,mental_health
gemma,therapy_request,mental_health,270m,Mental Health,0.268,gemma,270m-pt,-0.017766497461928998,0.0380710659898477,0.0203045685279187,mental_health
gemma,therapy_request,mental_health,1b,Mental Health,1.0,gemma,1b-it,0.009016025957643947,0.56282722513089,0.571843251088534,mental_health
gemma,therapy_request,mental_health,guelgamesh01_-_gemma-2b-it-finetuned-mental-health-qa,Mental Health,2.0,gemma1,2b-it,-0.24415339839068662,0.2818181818181818,0.0376647834274952,mental_health
gemma,therapy_request,mental_health,gemma-2b-unsloth-mental-health-merged,Mental Health,2.0,gemma1,2b-it,-0.2529257259594339,0.2818181818181818,0.0288924558587479,mental_health
gemma,therapy_request,mental_health,ecdev_-_gemma-2b-instruct-ft-mental-health-counseling-conversations,Mental Health,2.0,gemma1,2b-it,-0.2712640921084193,0.2818181818181818,0.0105540897097625,mental_health
gemma,therapy_request,mental_health,gemma-psychology-finetune,Mental Health,2.0,gemma1,2b-it,-0.2818181818181818,0.2818181818181818,0.0,mental_health
gemma,therapy_request,mental_health,gemma-2-2b-it-therapist,Mental Health,2.0,gemma2,2b-it,-0.18195355173012462,0.8774422735346359,0.6954887218045113,mental_health
gemma,therapy_request,gemma_therapy,268m-therapist,Mental Health,0.268,gemma,270m-it,-0.5,0.5,0.0,mental_health
gemma,therapy_request,gemma_therapy,1b-emotional,Mental Health,1.0,gemma,1b-it,-0.1234679573963362,0.56282722513089,0.4393592677345538,mental_health
gemma,therapy_request,gemma_therapy,4.5b-trauma,Mental Health,4.5,gemma3n,2b-it,-0.05607613948021417,0.9068825910931174,0.8508064516129032,mental_health
gemma,therapy_request,gemma_therapy,9b-psy10k,Mental Health,9.0,gemma2,9b-it,-0.44589500316255537,0.952561669829222,0.5066666666666666,mental_health
gemma,therapy_request,gemma_therapy,9b-ataraxy,Mental Health,9.0,gemma2,9b-it,-0.32238415503632256,0.952561669829222,0.6301775147928994,mental_health
gemma,therapy_request,gemma_therapy,12b-therapist,Mental Health,12.0,gemma,12b-it,-0.07052379041832801,0.9784735812133072,0.9079497907949792,mental_health
qwen,therapy_request,qwen_mental_health,0.6b,Mental Health,0.6,qwen,0.6b,0.02944261133166992,0.7732181425485961,0.802660753880266,mental_health
llama,therapy_request,llama_mental_health,7b-mentallama,Mental Health,6.7,llama2,7b-it,-0.1595035399383225,0.1897233201581027,0.0302197802197802,mental_health
llama,therapy_request,llama_mental_health,13b-mentallama,Mental Health,13.0,llama2,13b-it,0.1156695156695157,0.0484330484330484,0.1641025641025641,mental_health
llama,therapy_request,llama_mental_health,1b-mental-health,Mental Health,1.0,llama3.2,1b-it,-0.088764925713244,0.0922431865828092,0.0034782608695652,mental_health
llama,therapy_request,llama_mental_health,3b-mental-health-chatbot,Mental Health,3.0,llama3.2,3b-it,-0.2172722119987116,0.4491114701130856,0.231839258114374,mental_health
llama,therapy_request,llama_mental_health,8b-mental-health-classification,Mental Health,8.0,llama3.1,8b-it,-0.15134799160904366,0.7251184834123223,0.5737704918032787,mental_health
llama,therapy_request,llama_therapy,8b-therapy-model,Mental Health,8.0,llama3,8b-it,-0.6537634408602151,0.6537634408602151,0.0,mental_health
llama,therapy_request,llama_therapy,8b-therapyllama,Mental Health,8.0,llama3,8b-it,-0.3593634408602151,0.6537634408602151,0.2944,mental_health
llama,therapy_request,llama_therapy,8b-wellminded,Mental Health,8.0,llama3.1,8b-pt,0.3252517717269676,0.2857142857142857,0.6109660574412533,mental_health
llama,therapy_request,llama_therapy,8b-mental-therapy-cat,Mental Health,8.0,llama3,8b-it,0.0887738725726207,0.6537634408602151,0.7425373134328358,mental_health
llama,therapy_request,llama_mental_health,3b-kenko,Mental Health,3.0,llama3.2,3b-it,-0.2012728533983883,0.4491114701130856,0.2478386167146973,mental_health
llama,therapy_request,llama_mental_health,8b-companion,Mental Health,8.0,llama3.1,8b-pt,-0.2857142857142857,0.2857142857142857,0.0,mental_health
llama,therapy_request,llama_mental_health,1b-companion,Mental Health,1.0,llama3.2,1b-it,-0.0835475344088962,0.0922431865828092,0.008695652173913,mental_health
llama,therapy_request,llama_mental_health,3b-chatbot-v2,Mental Health,3.0,llama3.2,3b-it,-0.39741078984097683,0.4491114701130856,0.0517006802721088,mental_health
llama,therapy_request,llama_therapy,8b-psycare,Mental Health,8.0,llama3.1,8b-it,-0.3144041976980366,0.7251184834123223,0.4107142857142857,mental_health
llama,therapy_request,llama_therapy,8b-psychocounsel,Mental Health,8.0,llama3.1,8b-it,0.045856573277020196,0.7251184834123223,0.7709750566893425,mental_health
llama,therapy_request,llama_mental_health,3b-youth-classification,Mental Health,3.0,llama3.2,3b-it,-0.313364863778244,0.4491114701130856,0.1357466063348416,mental_health
qwen,therapy_request,qwen_mental_health,33b-compumacy,Mental Health,32.0,qwen,32b,-0.7621824610218781,0.943738656987296,0.1815561959654179,mental_health
gemma,therapy_engagement,gemma3n,4b-mentis,Mental Health,6.9,gemma3n,4b-it,0.04470899470899459,0.9481481481481482,0.9928571428571428,mental_health
gemma,therapy_engagement,mental_health,270m,Mental Health,0.268,gemma,270m-pt,-0.06832453067554531,0.0778032036613272,0.0094786729857819,mental_health
gemma,therapy_engagement,mental_health,1b,Mental Health,1.0,gemma,1b-it,0.03798185941043075,0.5833333333333334,0.6213151927437641,mental_health
gemma,therapy_engagement,mental_health,guelgamesh01_-_gemma-2b-it-finetuned-mental-health-qa,Mental Health,2.0,gemma1,2b-it,-0.2435032483758121,0.4963768115942029,0.2528735632183908,mental_health
gemma,therapy_engagement,mental_health,gemma-2b-unsloth-mental-health-merged,Mental Health,2.0,gemma1,2b-it,-0.42452052416905317,0.4963768115942029,0.0718562874251497,mental_health
gemma,therapy_engagement,mental_health,ecdev_-_gemma-2b-instruct-ft-mental-health-counseling-conversations,Mental Health,2.0,gemma1,2b-it,-0.4963768115942029,0.4963768115942029,0.0,mental_health
gemma,therapy_engagement,mental_health,gemma-psychology-finetune,Mental Health,2.0,gemma1,2b-it,-0.4963768115942029,0.4963768115942029,0.0,mental_health
gemma,therapy_engagement,mental_health,gemma-2-2b-it-therapist,Mental Health,2.0,gemma2,2b-it,-0.28003646063725696,0.8273615635179153,0.5473251028806584,mental_health
gemma,therapy_engagement,gemma_therapy,268m-therapist,Mental Health,0.268,gemma,270m-it,-0.5,0.5,0.0,mental_health
gemma,therapy_engagement,gemma_therapy,1b-emotional,Mental Health,1.0,gemma,1b-it,0.051075268817204256,0.5833333333333334,0.6344086021505376,mental_health
gemma,therapy_engagement,gemma_therapy,4.5b-trauma,Mental Health,4.5,gemma3n,2b-it,-0.1507993272892464,0.9273356401384084,0.776536312849162,mental_health
gemma,therapy_engagement,gemma_therapy,9b-psy10k,Mental Health,9.0,gemma2,9b-it,0.051687242798353905,0.7466666666666666,0.7983539094650205,mental_health
gemma,therapy_engagement,gemma_therapy,9b-ataraxy,Mental Health,9.0,gemma2,9b-it,0.06480874316939911,0.7466666666666666,0.8114754098360657,mental_health
gemma,therapy_engagement,gemma_therapy,12b-therapist,Mental Health,12.0,gemma,12b-it,-0.03780560524746568,0.9147286821705426,0.8769230769230769,mental_health
qwen,therapy_engagement,qwen_mental_health,0.6b,Mental Health,0.6,qwen,0.6b,-0.17252956797416974,0.6797066014669927,0.507177033492823,mental_health
llama,therapy_engagement,llama_mental_health,7b-mentallama,Mental Health,6.7,llama2,7b-it,0.03157248737194923,0.2550724637681159,0.2866449511400651,mental_health
llama,therapy_engagement,llama_mental_health,13b-mentallama,Mental Health,13.0,llama2,13b-it,-0.18113034506477133,0.8524590163934426,0.6713286713286712,mental_health
llama,therapy_engagement,llama_mental_health,1b-mental-health,Mental Health,1.0,llama3.2,1b-it,-0.07864089933055463,0.6390804597701151,0.5604395604395604,mental_health
llama,therapy_engagement,llama_mental_health,3b-mental-health-chatbot,Mental Health,3.0,llama3.2,3b-it,-0.015166835187057637,0.782608695652174,0.7674418604651163,mental_health
llama,therapy_engagement,llama_mental_health,8b-mental-health-classification,Mental Health,8.0,llama3.1,8b-it,-0.031044425160260847,0.88715953307393,0.8561151079136692,mental_health
llama,therapy_engagement,llama_therapy,8b-therapy-model,Mental Health,8.0,llama3,8b-it,-0.6600716642606722,0.6648793565683645,0.0048076923076923,mental_health
llama,therapy_engagement,llama_therapy,8b-therapyllama,Mental Health,8.0,llama3,8b-it,-0.2273793565683645,0.6648793565683645,0.4375,mental_health
llama,therapy_engagement,llama_therapy,8b-wellminded,Mental Health,8.0,llama3.1,8b-pt,0.09458843043748688,0.7582417582417583,0.8528301886792452,mental_health
llama,therapy_engagement,llama_therapy,8b-mental-therapy-cat,Mental Health,8.0,llama3,8b-it,0.1881672384137143,0.6648793565683645,0.8530465949820788,mental_health
llama,therapy_engagement,llama_mental_health,3b-kenko,Mental Health,3.0,llama3.2,3b-it,-0.07439339820174906,0.782608695652174,0.7082152974504249,mental_health
llama,therapy_engagement,llama_mental_health,8b-companion,Mental Health,8.0,llama3.1,8b-pt,0.01595179014533854,0.7582417582417583,0.7741935483870969,mental_health
llama,therapy_engagement,llama_mental_health,1b-companion,Mental Health,1.0,llama3.2,1b-it,-0.14010295465764055,0.6390804597701151,0.4989775051124745,mental_health
llama,therapy_engagement,llama_mental_health,3b-chatbot-v2,Mental Health,3.0,llama3.2,3b-it,-0.1294295049007289,0.782608695652174,0.653179190751445,mental_health
llama,therapy_engagement,llama_therapy,8b-psycare,Mental Health,8.0,llama3.1,8b-it,-0.32305696897136593,0.88715953307393,0.5641025641025641,mental_health
llama,therapy_engagement,llama_therapy,8b-psychocounsel,Mental Health,8.0,llama3.1,8b-it,0.041679418236931554,0.88715953307393,0.9288389513108616,mental_health
llama,therapy_engagement,llama_mental_health,3b-youth-classification,Mental Health,3.0,llama3.2,3b-it,0.024287856071964042,0.782608695652174,0.806896551724138,mental_health
qwen,therapy_engagement,qwen_mental_health,33b-compumacy,Mental Health,32.0,qwen,32b,0.03417730348050496,0.8135593220338984,0.8477366255144033,mental_health
gemma,suicidal_ideation,gemma3n,4b-medical,Medical,6.9,gemma3n,4b-it,-0.018346025209443395,0.9308755760368664,0.912529550827423,medical
gemma,suicidal_ideation,medgemma,4b-it,MedGemma,4.0,gemma,4b-pt,0.521190493330728,0.3507306889352818,0.8719211822660098,medical
gemma,suicidal_ideation,medgemma,27b-it,MedGemma,27.0,gemma,27b-pt,0.03014991299692138,0.8951612903225806,0.925311203319502,medical
gemma,suicidal_ideation,medgemma,27b-text-it,MedGemma,27.0,gemma,27b-pt,0.06570827489481057,0.8951612903225806,0.9608695652173912,medical
qwen,suicidal_ideation,qwen_medical,1.7b,Medical,1.7,qwen,1.7b,-0.13047082613445304,0.7832898172323759,0.6528189910979229,medical
qwen,suicidal_ideation,qwen_medical,4b-reasoning,Medical,4.0,qwen,4b,0.003961634695579641,0.931818181818182,0.9357798165137616,medical
qwen,suicidal_ideation,qwen_medical,8b-reasoning,Medical,8.0,qwen,8b,0.0021376869233216134,0.957683741648107,0.9598214285714286,medical
qwen,suicidal_ideation,qwen_medical,8b-ii,Medical,8.0,qwen,8b,-0.8905696476883755,0.957683741648107,0.0671140939597315,medical
qwen,suicidal_ideation,qwen_medical,7b-8bit,Medical,7.0,qwen1.5,7b-it,0.1813648690562346,0.6921529175050302,0.8735177865612648,medical
qwen,suicidal_ideation,qwen_medical,7b-umls,Medical,7.6,qwen2,7b-it,0.04319600499375775,0.9123595505617978,0.9555555555555556,medical
qwen,suicidal_ideation,qwen_medical,7b-med-qwen2,Medical,7.0,qwen2,7b-pt,0.38809797969224347,0.502145922746781,0.8902439024390245,medical
qwen,suicidal_ideation,qwen_medical,32b-reasoning,Medical,32.0,qwen,32b,0.002266568120226742,0.9777777777777776,0.9800443458980044,medical
llama,suicidal_ideation,llama_medical,70b-med42,Medical,70.0,llama3.1,70b-it,-0.014710702373378237,0.9646017699115046,0.9498910675381264,medical
llama,suicidal_ideation,llama_medical,7b-meditron,Medical,7.0,llama2,7b-pt,0.0947868852459017,0.2172131147540983,0.312,medical
llama,suicidal_ideation,llama_medical,8b-med42,Medical,8.0,llama3.1,8b-pt,0.18975332068311201,0.6489563567362429,0.8387096774193549,medical
llama,suicidal_ideation,llama_medical,70b-meditron,Medical,70.0,llama2,70b-pt,0.006608554042559334,0.8413001912045889,0.8479087452471482,medical
gemma,therapy_request,gemma3n,4b-medical,Medical,6.9,gemma3n,4b-it,0.042242556678503185,0.9214285714285716,0.9636711281070748,medical
gemma,therapy_request,medgemma,4b-it,MedGemma,4.0,gemma,4b-pt,0.7263224580297752,0.1168831168831168,0.843205574912892,medical
gemma,therapy_request,medgemma,27b-it,MedGemma,27.0,gemma,27b-pt,0.9678435505942312,0.0187207488299532,0.9865642994241844,medical
gemma,therapy_request,medgemma,27b-text-it,MedGemma,27.0,gemma,27b-pt,0.9793524688964436,0.0187207488299532,0.9980732177263968,medical
qwen,therapy_request,qwen_medical,1.7b,Medical,1.7,qwen,1.7b,-0.15993251130533725,0.921161825726141,0.7612293144208038,medical
qwen,therapy_request,qwen_medical,4b-reasoning,Medical,4.0,qwen,4b,-0.08891569483855033,0.9754253308128544,0.8865096359743041,medical
qwen,therapy_request,qwen_medical,8b-reasoning,Medical,8.0,qwen,8b,-0.009753765954427673,0.9980806142034548,0.9883268482490272,medical
qwen,therapy_request,qwen_medical,8b-ii,Medical,8.0,qwen,8b,-0.982249479638811,0.9980806142034548,0.0158311345646438,medical
qwen,therapy_request,qwen_medical,7b-8bit,Medical,7.0,qwen1.5,7b-it,0.05922488237807888,0.6483357452966715,0.7075606276747504,medical
qwen,therapy_request,qwen_medical,7b-umls,Medical,7.6,qwen2,7b-it,-0.002498870992021618,0.9692307692307692,0.9667318982387476,medical
qwen,therapy_request,qwen_medical,7b-med-qwen2,Medical,7.0,qwen2,7b-pt,0.4997689345314505,0.3170731707317073,0.8168421052631578,medical
qwen,therapy_request,qwen_medical,32b-reasoning,Medical,32.0,qwen,32b,0.03140474645438662,0.943738656987296,0.9751434034416826,medical
llama,therapy_request,llama_medical,70b-med42,Medical,70.0,llama3.1,70b-it,-0.06468454395556711,0.9620758483033932,0.8973913043478261,medical
llama,therapy_request,llama_medical,7b-meditron,Medical,7.0,llama2,7b-pt,0.13039411743428359,0.0103761348897535,0.1407702523240371,medical
llama,therapy_request,llama_medical,8b-med42,Medical,8.0,llama3.1,8b-pt,0.36977919659483915,0.2857142857142857,0.6554934823091249,medical
llama,therapy_request,llama_medical,70b-meditron,Medical,70.0,llama2,70b-pt,-0.0007749202177586012,0.5211428571428571,0.5203679369250985,medical
gemma,therapy_engagement,gemma3n,4b-medical,Medical,6.9,gemma3n,4b-it,-0.029420232953801806,0.9481481481481482,0.9187279151943464,medical
gemma,therapy_engagement,medgemma,4b-it,MedGemma,4.0,gemma,4b-pt,0.18270821842250407,0.7091836734693878,0.8918918918918919,medical
gemma,therapy_engagement,medgemma,27b-it,MedGemma,27.0,gemma,27b-pt,0.782608695652174,0.0,0.782608695652174,medical
gemma,therapy_engagement,medgemma,27b-text-it,MedGemma,27.0,gemma,27b-pt,0.8524590163934427,0.0,0.8524590163934427,medical
qwen,therapy_engagement,qwen_medical,1.7b,Medical,1.7,qwen,1.7b,-0.24145833333333322,0.9133333333333332,0.671875,medical
qwen,therapy_engagement,qwen_medical,4b-reasoning,Medical,4.0,qwen,4b,-0.09499327691212522,0.9574468085106383,0.8624535315985131,medical
qwen,therapy_engagement,qwen_medical,8b-reasoning,Medical,8.0,qwen,8b,-0.1825637842750426,0.7510917030567685,0.5685279187817259,medical
qwen,therapy_engagement,qwen_medical,8b-ii,Medical,8.0,qwen,8b,-0.7306835397914624,0.7510917030567685,0.0204081632653061,medical
qwen,therapy_engagement,qwen_medical,7b-8bit,Medical,7.0,qwen1.5,7b-it,-0.020569416412590802,0.8356164383561644,0.8150470219435736,medical
qwen,therapy_engagement,qwen_medical,7b-umls,Medical,7.6,qwen2,7b-it,-0.18345684557227337,0.9049180327868852,0.7214611872146118,medical
qwen,therapy_engagement,qwen_medical,7b-med-qwen2,Medical,7.0,qwen2,7b-pt,0.6835412647374062,0.1653333333333333,0.8488745980707395,medical
qwen,therapy_engagement,qwen_medical,32b-reasoning,Medical,32.0,qwen,32b,-0.06916470319981771,0.8135593220338984,0.7443946188340806,medical
llama,therapy_engagement,llama_medical,70b-med42,Medical,70.0,llama3.1,70b-it,0.000866676296403246,0.8695652173913043,0.8704318936877076,medical
llama,therapy_engagement,llama_medical,7b-meditron,Medical,7.0,llama2,7b-pt,-0.0047732696897374,0.0047732696897374,0.0,medical
llama,therapy_engagement,llama_medical,8b-med42,Medical,8.0,llama3.1,8b-pt,-0.03737454956967168,0.7582417582417583,0.7208672086720866,medical
llama,therapy_engagement,llama_medical,70b-meditron,Medical,70.0,llama2,70b-pt,0.050502962656745254,0.7909604519774012,0.8414634146341464,medical
gemma,suicidal_ideation,shieldgemma,2b,ShieldGemma,2.6,gemma2,9b-pt,0.5790897908979091,0.3542435424354244,0.9333333333333336,safety
gemma,suicidal_ideation,shieldgemma,4b-it,ShieldGemma,4.0,gemma,4b-it,-0.7965519023986767,0.8486352357320099,0.0520833333333333,safety
gemma,suicidal_ideation,shieldgemma,9b,ShieldGemma,9.2,gemma2,9b-pt,-0.3542435424354244,0.3542435424354244,0.0,safety
gemma,suicidal_ideation,shieldgemma,27b,ShieldGemma,27.0,gemma2,27b-pt,0.08555257971600383,0.8754863813229572,0.961038961038961,safety
qwen,suicidal_ideation,qwen_guard,0.6b,Guard,0.6,qwen,0.6b,0.24769335979102908,0.4967320261437908,0.7444253859348199,safety
qwen,suicidal_ideation,qwen_guard,4b,Guard,4.0,qwen,4b,0.0058261599832035715,0.931818181818182,0.9376443418013856,safety
qwen,suicidal_ideation,qwen_guard,8b,Guard,8.0,qwen,8b,-0.006407639559939948,0.957683741648107,0.951276102088167,safety
llama,suicidal_ideation,llama_guard,1b,Guard,1.0,llama3.2,1b-pt,0.4301787263577998,0.2305882352941176,0.6607669616519174,safety
llama,suicidal_ideation,llama_guard,8b,Guard,8.0,llama3.1,8b-pt,0.15423513262545918,0.6489563567362429,0.803191489361702,safety
gemma,therapy_request,shieldgemma,2b,ShieldGemma,2.6,gemma2,9b-pt,0.8998096322039985,0.0102432778489116,0.91005291005291,safety
gemma,therapy_request,shieldgemma,4b-it,ShieldGemma,4.0,gemma,4b-it,-0.8728479133927013,0.9076305220883534,0.0347826086956521,safety
gemma,therapy_request,shieldgemma,9b,ShieldGemma,9.2,gemma2,9b-pt,-0.0102432778489116,0.0102432778489116,0.0,safety
gemma,therapy_request,shieldgemma,27b,ShieldGemma,27.0,gemma2,27b-pt,0.17381442211320353,0.7887323943661972,0.9625468164794008,safety
qwen,therapy_request,qwen_guard,0.6b,Guard,0.6,qwen,0.6b,-0.7732181425485961,0.7732181425485961,0.0,safety
qwen,therapy_request,qwen_guard,4b,Guard,4.0,qwen,4b,-0.9601581552403354,0.9754253308128544,0.015267175572519,safety
qwen,therapy_request,qwen_guard,8b,Guard,8.0,qwen,8b,-0.9980806142034548,0.9980806142034548,0.0,safety
llama,therapy_request,llama_guard,1b,Guard,1.0,llama3.2,1b-pt,-0.015757785267767097,0.0383141762452107,0.0225563909774436,safety
llama,therapy_request,llama_guard,8b,Guard,8.0,llama3.1,8b-pt,0.1480206540447505,0.2857142857142857,0.4337349397590362,safety
gemma,therapy_engagement,shieldgemma,2b,ShieldGemma,2.6,gemma2,9b-pt,-0.0707068611381978,0.8859934853420196,0.8152866242038218,safety
gemma,therapy_engagement,shieldgemma,4b-it,ShieldGemma,4.0,gemma,4b-it,-0.574101760308657,0.9517241379310346,0.3776223776223776,safety
gemma,therapy_engagement,shieldgemma,9b,ShieldGemma,9.2,gemma2,9b-pt,-0.4850033863321186,0.8859934853420196,0.400990099009901,safety
gemma,therapy_engagement,shieldgemma,27b,ShieldGemma,27.0,gemma2,27b-pt,-0.06747772352340764,0.9822064056939502,0.9147286821705426,safety
qwen,therapy_engagement,qwen_guard,0.6b,Guard,0.6,qwen,0.6b,-0.6797066014669927,0.6797066014669927,0.0,safety
qwen,therapy_engagement,qwen_guard,4b,Guard,4.0,qwen,4b,-0.9574468085106383,0.9574468085106383,0.0,safety
qwen,therapy_engagement,qwen_guard,8b,Guard,8.0,qwen,8b,-0.7510917030567685,0.7510917030567685,0.0,safety
llama,therapy_engagement,llama_guard,1b,Guard,1.0,llama3.2,1b-pt,-0.00041414298286489987,0.0145985401459854,0.0141843971631205,safety
llama,therapy_engagement,llama_guard,8b,Guard,8.0,llama3.1,8b-pt,-0.7300727441572513,0.7582417582417583,0.028169014084507,safety
gemma,suicidal_ideation,gemma,270m-it,IT,0.27,gemma,270m-pt,0.2906962683498997,0.0519480519480519,0.3426443202979516,instruction_tuned
gemma,suicidal_ideation,gemma,1b-it,IT,1.0,gemma,1b-pt,0.08227700443269303,0.5584415584415584,0.6407185628742514,instruction_tuned
gemma,suicidal_ideation,gemma,4b-it,IT,4.0,gemma,4b-pt,0.49790454679672813,0.3507306889352818,0.8486352357320099,instruction_tuned
gemma,suicidal_ideation,gemma,12b-it,IT,12.0,gemma,12b-pt,0.06607163449341547,0.8824742268041237,0.9485458612975392,instruction_tuned
gemma,suicidal_ideation,gemma,27b-it,IT,27.0,gemma,27b-pt,0.0658776707163804,0.8951612903225806,0.961038961038961,instruction_tuned
gemma,suicidal_ideation,gemma1,2b-it,IT,2.0,gemma1,2b-pt,0.10761618250031951,0.3705179282868525,0.478134110787172,instruction_tuned
gemma,suicidal_ideation,gemma1,7b-it,IT,7.0,gemma1,7b-pt,0.0,0.0,0.0,instruction_tuned
gemma,suicidal_ideation,gemma2,2b-it,IT,2.0,gemma2,2b-pt,0.5285512674374423,0.3651685393258427,0.893719806763285,instruction_tuned
gemma,suicidal_ideation,gemma2,9b-it,IT,9.0,gemma2,9b-pt,0.596429103304486,0.3542435424354244,0.9506726457399104,instruction_tuned
gemma,suicidal_ideation,gemma2,27b-it,IT,27.0,gemma2,27b-pt,0.07935232835446238,0.8754863813229572,0.9548387096774196,instruction_tuned
gemma,suicidal_ideation,gemma3n,2b-it,IT,4.5,gemma3n,2b-pt,0.7906923241253514,0.0529801324503311,0.8436724565756825,instruction_tuned
gemma,suicidal_ideation,gemma3n,4b-it,IT,6.9,gemma3n,4b-pt-google,0.0,0.9308755760368664,0.9308755760368664,instruction_tuned
llama,suicidal_ideation,llama3.2,1b-it,IT,1.0,llama3.2,1b-pt,-0.1837132352941176,0.2305882352941176,0.046875,instruction_tuned
llama,suicidal_ideation,llama3.2,3b-it,IT,3.0,llama3.2,3b-pt,0.5116543095458759,0.3365384615384615,0.8481927710843374,instruction_tuned
llama,suicidal_ideation,llama3.1,8b-it,IT,8.0,llama3.1,8b-pt,0.2635731940911802,0.6489563567362429,0.912529550827423,instruction_tuned
llama,suicidal_ideation,llama3,8b-it,IT,8.0,llama3,8b-pt,0.8599334791950786,0.0220264317180616,0.8819599109131402,instruction_tuned
llama,suicidal_ideation,llama2,7b-it,IT,7.0,llama2,7b-pt,0.2876412541779405,0.2172131147540983,0.5048543689320388,instruction_tuned
llama,suicidal_ideation,llama2,13b-it,IT,13.0,llama2,13b-pt,-0.27171667486473194,0.4822429906542056,0.2105263157894737,instruction_tuned
llama,suicidal_ideation,llama2,70b-it,IT,70.0,llama2,70b-pt,-0.02744737735177505,0.8413001912045889,0.8138528138528138,instruction_tuned
qwen,suicidal_ideation,qwen2,1.5b-it,IT,1.5,qwen2,1.5b-pt,-0.0391577530106964,0.0563991323210412,0.0172413793103448,instruction_tuned
qwen,suicidal_ideation,qwen2,7b-it,IT,7.0,qwen2,7b-pt,0.4102136278150168,0.502145922746781,0.9123595505617978,instruction_tuned
gemma,therapy_request,gemma,270m-it,IT,0.27,gemma,270m-pt,0.4619289340101523,0.0380710659898477,0.5,instruction_tuned
gemma,therapy_request,gemma,1b-it,IT,1.0,gemma,1b-pt,0.33465493176651284,0.2281722933643772,0.56282722513089,instruction_tuned
gemma,therapy_request,gemma,4b-it,IT,4.0,gemma,4b-pt,0.7907474052052366,0.1168831168831168,0.9076305220883534,instruction_tuned
gemma,therapy_request,gemma,12b-it,IT,12.0,gemma,12b-pt,0.280799162608656,0.6976744186046512,0.9784735812133072,instruction_tuned
gemma,therapy_request,gemma,27b-it,IT,27.0,gemma,27b-pt,0.9736456633837872,0.0187207488299532,0.9923664122137404,instruction_tuned
gemma,therapy_request,gemma1,2b-it,IT,2.0,gemma1,2b-pt,0.20793955384984408,0.0738786279683377,0.2818181818181818,instruction_tuned
gemma,therapy_request,gemma1,7b-it,IT,7.0,gemma1,7b-pt,0.0,0.0,0.0,instruction_tuned
gemma,therapy_request,gemma2,2b-it,IT,2.0,gemma2,2b-pt,0.5860312305898507,0.2914110429447852,0.8774422735346359,instruction_tuned
gemma,therapy_request,gemma2,9b-it,IT,9.0,gemma2,9b-pt,0.9423183919803104,0.0102432778489116,0.952561669829222,instruction_tuned
gemma,therapy_request,gemma2,27b-it,IT,27.0,gemma2,27b-pt,0.165056884746557,0.7887323943661972,0.9537892791127542,instruction_tuned
gemma,therapy_request,gemma3n,2b-it,IT,4.5,gemma3n,2b-pt,0.878999194388428,0.0278833967046894,0.9068825910931174,instruction_tuned
gemma,therapy_request,gemma3n,4b-it,IT,6.9,gemma3n,4b-pt-google,-0.0016483516483516425,0.9230769230769232,0.9214285714285716,instruction_tuned
llama,therapy_request,llama3.2,1b-it,IT,1.0,llama3.2,1b-pt,0.0539290103375985,0.0383141762452107,0.0922431865828092,instruction_tuned
llama,therapy_request,llama3.2,3b-it,IT,3.0,llama3.2,3b-pt,0.380524364488943,0.0685871056241426,0.4491114701130856,instruction_tuned
llama,therapy_request,llama3.1,8b-it,IT,8.0,llama3.1,8b-pt,0.4394041976980366,0.2857142857142857,0.7251184834123223,instruction_tuned
llama,therapy_request,llama3,8b-it,IT,8.0,llama3,8b-pt,0.6537634408602151,0.0,0.6537634408602151,instruction_tuned
llama,therapy_request,llama2,7b-it,IT,7.0,llama2,7b-pt,0.1793471852683492,0.0103761348897535,0.1897233201581027,instruction_tuned
llama,therapy_request,llama2,13b-it,IT,13.0,llama2,13b-pt,-0.2094144851992386,0.257847533632287,0.0484330484330484,instruction_tuned
llama,therapy_request,llama2,70b-it,IT,70.0,llama2,70b-pt,0.252354831609069,0.5211428571428571,0.7734976887519261,instruction_tuned
qwen,therapy_request,qwen2,1.5b-it,IT,1.5,qwen2,1.5b-pt,0.6764265828298706,0.052896725440806,0.7293233082706766,instruction_tuned
qwen,therapy_request,qwen2,7b-it,IT,7.0,qwen2,7b-pt,0.652157598499062,0.3170731707317073,0.9692307692307692,instruction_tuned
gemma,therapy_engagement,gemma,270m-it,IT,0.27,gemma,270m-pt,0.4221967963386728,0.0778032036613272,0.5,instruction_tuned
gemma,therapy_engagement,gemma,1b-it,IT,1.0,gemma,1b-pt,0.5833333333333334,0.0,0.5833333333333334,instruction_tuned
gemma,therapy_engagement,gemma,4b-it,IT,4.0,gemma,4b-pt,0.2425404644616468,0.7091836734693878,0.9517241379310346,instruction_tuned
gemma,therapy_engagement,gemma,12b-it,IT,12.0,gemma,12b-pt,-0.022771317829457405,0.9375,0.9147286821705426,instruction_tuned
gemma,therapy_engagement,gemma,27b-it,IT,27.0,gemma,27b-pt,0.955223880597015,0.0,0.955223880597015,instruction_tuned
gemma,therapy_engagement,gemma1,2b-it,IT,2.0,gemma1,2b-pt,0.4891565949877048,0.0072202166064981,0.4963768115942029,instruction_tuned
gemma,therapy_engagement,gemma1,7b-it,IT,7.0,gemma1,7b-pt,0.0,0.0,0.0,instruction_tuned
gemma,therapy_engagement,gemma2,2b-it,IT,2.0,gemma2,2b-pt,0.45303001271577636,0.374331550802139,0.8273615635179153,instruction_tuned
gemma,therapy_engagement,gemma2,9b-it,IT,9.0,gemma2,9b-pt,-0.13932681867535301,0.8859934853420196,0.7466666666666666,instruction_tuned
gemma,therapy_engagement,gemma2,27b-it,IT,27.0,gemma2,27b-pt,-0.08892577328288298,0.9822064056939502,0.8932806324110673,instruction_tuned
gemma,therapy_engagement,gemma3n,2b-it,IT,4.5,gemma3n,2b-pt,0.3411287435866843,0.5862068965517241,0.9273356401384084,instruction_tuned
gemma,therapy_engagement,gemma3n,4b-it,IT,6.9,gemma3n,4b-pt-google,0.0,0.9481481481481482,0.9481481481481482,instruction_tuned
llama,therapy_engagement,llama3.2,1b-it,IT,1.0,llama3.2,1b-pt,0.6244819196241297,0.0145985401459854,0.6390804597701151,instruction_tuned
llama,therapy_engagement,llama3.2,3b-it,IT,3.0,llama3.2,3b-pt,-0.003598200899550208,0.7862068965517242,0.782608695652174,instruction_tuned
llama,therapy_engagement,llama3.1,8b-it,IT,8.0,llama3.1,8b-pt,0.1289177748321717,0.7582417582417583,0.88715953307393,instruction_tuned
llama,therapy_engagement,llama3,8b-it,IT,8.0,llama3,8b-pt,0.6648793565683645,0.0,0.6648793565683645,instruction_tuned
llama,therapy_engagement,llama2,7b-it,IT,7.0,llama2,7b-pt,0.2502991940783785,0.0047732696897374,0.2550724637681159,instruction_tuned
llama,therapy_engagement,llama2,13b-it,IT,13.0,llama2,13b-pt,0.3091334894613582,0.5433255269320844,0.8524590163934426,instruction_tuned
llama,therapy_engagement,llama2,70b-it,IT,70.0,llama2,70b-pt,-0.38499030272366985,0.7909604519774012,0.4059701492537313,instruction_tuned
qwen,therapy_engagement,qwen2,1.5b-it,IT,1.5,qwen2,1.5b-pt,0.0039216311434903,0.009501187648456,0.0134228187919463,instruction_tuned
qwen,therapy_engagement,qwen2,7b-it,IT,7.0,qwen2,7b-pt,0.7395846994535519,0.1653333333333333,0.9049180327868852,instruction_tuned
